model,dataset,N,T_star,n_problems
Llama-3.2-3B,gsm8kfull,1,0.1,923
Llama-3.2-3B,gsm8kfull,1,0.2,30
Llama-3.2-3B,gsm8kfull,1,0.3,40
Llama-3.2-3B,gsm8kfull,1,0.4,29
Llama-3.2-3B,gsm8kfull,1,0.5,27
Llama-3.2-3B,gsm8kfull,1,0.6,40
Llama-3.2-3B,gsm8kfull,1,0.7,34
Llama-3.2-3B,gsm8kfull,1,0.8,37
Llama-3.2-3B,gsm8kfull,1,0.9,55
Llama-3.2-3B,gsm8kfull,1,1.0,51
Llama-3.2-3B,gsm8kfull,1,1.1,45
Llama-3.2-3B,gsm8kfull,1,1.2,7
Llama-3.2-3B,gsm8kfull,2,0.1,922
Llama-3.2-3B,gsm8kfull,2,0.2,35
Llama-3.2-3B,gsm8kfull,2,0.3,32
Llama-3.2-3B,gsm8kfull,2,0.4,26
Llama-3.2-3B,gsm8kfull,2,0.5,28
Llama-3.2-3B,gsm8kfull,2,0.6,49
Llama-3.2-3B,gsm8kfull,2,0.7,26
Llama-3.2-3B,gsm8kfull,2,0.8,35
Llama-3.2-3B,gsm8kfull,2,0.9,53
Llama-3.2-3B,gsm8kfull,2,1.0,58
Llama-3.2-3B,gsm8kfull,2,1.1,45
Llama-3.2-3B,gsm8kfull,2,1.2,9
Llama-3.2-3B,gsm8kfull,4,0.1,894
Llama-3.2-3B,gsm8kfull,4,0.2,28
Llama-3.2-3B,gsm8kfull,4,0.3,35
Llama-3.2-3B,gsm8kfull,4,0.4,24
Llama-3.2-3B,gsm8kfull,4,0.5,37
Llama-3.2-3B,gsm8kfull,4,0.6,39
Llama-3.2-3B,gsm8kfull,4,0.7,21
Llama-3.2-3B,gsm8kfull,4,0.8,33
Llama-3.2-3B,gsm8kfull,4,0.9,54
Llama-3.2-3B,gsm8kfull,4,1.0,67
Llama-3.2-3B,gsm8kfull,4,1.1,65
Llama-3.2-3B,gsm8kfull,4,1.2,21
Llama-3.2-3B,gsm8kfull,8,0.1,916
Llama-3.2-3B,gsm8kfull,8,0.2,26
Llama-3.2-3B,gsm8kfull,8,0.3,30
Llama-3.2-3B,gsm8kfull,8,0.4,19
Llama-3.2-3B,gsm8kfull,8,0.5,26
Llama-3.2-3B,gsm8kfull,8,0.6,27
Llama-3.2-3B,gsm8kfull,8,0.7,25
Llama-3.2-3B,gsm8kfull,8,0.8,27
Llama-3.2-3B,gsm8kfull,8,0.9,48
Llama-3.2-3B,gsm8kfull,8,1.0,66
Llama-3.2-3B,gsm8kfull,8,1.1,76
Llama-3.2-3B,gsm8kfull,8,1.2,32
Llama-3.2-3B,gsm8kfull,16,0.1,941
Llama-3.2-3B,gsm8kfull,16,0.2,24
Llama-3.2-3B,gsm8kfull,16,0.3,25
Llama-3.2-3B,gsm8kfull,16,0.4,16
Llama-3.2-3B,gsm8kfull,16,0.5,28
Llama-3.2-3B,gsm8kfull,16,0.6,25
Llama-3.2-3B,gsm8kfull,16,0.7,17
Llama-3.2-3B,gsm8kfull,16,0.8,27
Llama-3.2-3B,gsm8kfull,16,0.9,42
Llama-3.2-3B,gsm8kfull,16,1.0,60
Llama-3.2-3B,gsm8kfull,16,1.1,86
Llama-3.2-3B,gsm8kfull,16,1.2,27
Llama-3.2-3B,gsm8kfull,32,0.1,980
Llama-3.2-3B,gsm8kfull,32,0.2,22
Llama-3.2-3B,gsm8kfull,32,0.3,21
Llama-3.2-3B,gsm8kfull,32,0.4,22
Llama-3.2-3B,gsm8kfull,32,0.5,19
Llama-3.2-3B,gsm8kfull,32,0.6,19
Llama-3.2-3B,gsm8kfull,32,0.7,16
Llama-3.2-3B,gsm8kfull,32,0.8,23
Llama-3.2-3B,gsm8kfull,32,0.9,45
Llama-3.2-3B,gsm8kfull,32,1.0,56
Llama-3.2-3B,gsm8kfull,32,1.1,66
Llama-3.2-3B,gsm8kfull,32,1.2,29
Llama-3.2-3B,gsm8kfull,64,0.1,1025
Llama-3.2-3B,gsm8kfull,64,0.2,28
Llama-3.2-3B,gsm8kfull,64,0.3,25
Llama-3.2-3B,gsm8kfull,64,0.4,26
Llama-3.2-3B,gsm8kfull,64,0.5,14
Llama-3.2-3B,gsm8kfull,64,0.6,19
Llama-3.2-3B,gsm8kfull,64,0.7,12
Llama-3.2-3B,gsm8kfull,64,0.8,15
Llama-3.2-3B,gsm8kfull,64,0.9,36
Llama-3.2-3B,gsm8kfull,64,1.0,40
Llama-3.2-3B,gsm8kfull,64,1.1,52
Llama-3.2-3B,gsm8kfull,64,1.2,26
Llama-3.2-3B,gsm8kfull,128,0.1,1067
Llama-3.2-3B,gsm8kfull,128,0.2,36
Llama-3.2-3B,gsm8kfull,128,0.3,28
Llama-3.2-3B,gsm8kfull,128,0.4,16
Llama-3.2-3B,gsm8kfull,128,0.5,15
Llama-3.2-3B,gsm8kfull,128,0.6,11
Llama-3.2-3B,gsm8kfull,128,0.7,6
Llama-3.2-3B,gsm8kfull,128,0.8,15
Llama-3.2-3B,gsm8kfull,128,0.9,34
Llama-3.2-3B,gsm8kfull,128,1.0,31
Llama-3.2-3B,gsm8kfull,128,1.1,43
Llama-3.2-3B,gsm8kfull,128,1.2,16
Llama-3.2-3B,gsm8kfull,256,0.1,1091
Llama-3.2-3B,gsm8kfull,256,0.2,38
Llama-3.2-3B,gsm8kfull,256,0.3,24
Llama-3.2-3B,gsm8kfull,256,0.4,14
Llama-3.2-3B,gsm8kfull,256,0.5,19
Llama-3.2-3B,gsm8kfull,256,0.6,8
Llama-3.2-3B,gsm8kfull,256,0.7,13
Llama-3.2-3B,gsm8kfull,256,0.8,9
Llama-3.2-3B,gsm8kfull,256,0.9,28
Llama-3.2-3B,gsm8kfull,256,1.0,28
Llama-3.2-3B,gsm8kfull,256,1.1,33
Llama-3.2-3B,gsm8kfull,256,1.2,13
Llama-3.2-3B,gsm8kfull,512,0.1,1120
Llama-3.2-3B,gsm8kfull,512,0.2,36
Llama-3.2-3B,gsm8kfull,512,0.3,30
Llama-3.2-3B,gsm8kfull,512,0.4,14
Llama-3.2-3B,gsm8kfull,512,0.5,14
Llama-3.2-3B,gsm8kfull,512,0.6,14
Llama-3.2-3B,gsm8kfull,512,0.7,8
Llama-3.2-3B,gsm8kfull,512,0.8,7
Llama-3.2-3B,gsm8kfull,512,0.9,19
Llama-3.2-3B,gsm8kfull,512,1.0,20
Llama-3.2-3B,gsm8kfull,512,1.1,23
Llama-3.2-3B,gsm8kfull,512,1.2,13
Llama-3.2-3B,gsm8kfull,1024,0.1,1139
Llama-3.2-3B,gsm8kfull,1024,0.2,41
Llama-3.2-3B,gsm8kfull,1024,0.3,24
Llama-3.2-3B,gsm8kfull,1024,0.4,15
Llama-3.2-3B,gsm8kfull,1024,0.5,14
Llama-3.2-3B,gsm8kfull,1024,0.6,12
Llama-3.2-3B,gsm8kfull,1024,0.7,10
Llama-3.2-3B,gsm8kfull,1024,0.8,6
Llama-3.2-3B,gsm8kfull,1024,0.9,21
Llama-3.2-3B,gsm8kfull,1024,1.0,13
Llama-3.2-3B,gsm8kfull,1024,1.1,16
Llama-3.2-3B,gsm8kfull,1024,1.2,7
Llama-3.2-3B,gsm8kfull,1536,0.1,1148
Llama-3.2-3B,gsm8kfull,1536,0.2,39
Llama-3.2-3B,gsm8kfull,1536,0.3,23
Llama-3.2-3B,gsm8kfull,1536,0.4,17
Llama-3.2-3B,gsm8kfull,1536,0.5,14
Llama-3.2-3B,gsm8kfull,1536,0.6,9
Llama-3.2-3B,gsm8kfull,1536,0.7,10
Llama-3.2-3B,gsm8kfull,1536,0.8,7
Llama-3.2-3B,gsm8kfull,1536,0.9,21
Llama-3.2-3B,gsm8kfull,1536,1.0,10
Llama-3.2-3B,gsm8kfull,1536,1.1,13
Llama-3.2-3B,gsm8kfull,1536,1.2,7
Llama-3.2-3B,gsm8kfull,2048,0.1,1151
Llama-3.2-3B,gsm8kfull,2048,0.2,39
Llama-3.2-3B,gsm8kfull,2048,0.3,25
Llama-3.2-3B,gsm8kfull,2048,0.4,16
Llama-3.2-3B,gsm8kfull,2048,0.5,13
Llama-3.2-3B,gsm8kfull,2048,0.6,11
Llama-3.2-3B,gsm8kfull,2048,0.7,11
Llama-3.2-3B,gsm8kfull,2048,0.8,6
Llama-3.2-3B,gsm8kfull,2048,0.9,19
Llama-3.2-3B,gsm8kfull,2048,1.0,9
Llama-3.2-3B,gsm8kfull,2048,1.1,12
Llama-3.2-3B,gsm8kfull,2048,1.2,6
Llama-3.2-3B,mathfull,1,0.1,2218
Llama-3.2-3B,mathfull,1,0.2,352
Llama-3.2-3B,mathfull,1,0.3,297
Llama-3.2-3B,mathfull,1,0.4,289
Llama-3.2-3B,mathfull,1,0.5,263
Llama-3.2-3B,mathfull,1,0.6,262
Llama-3.2-3B,mathfull,1,0.7,277
Llama-3.2-3B,mathfull,1,0.8,295
Llama-3.2-3B,mathfull,1,0.9,274
Llama-3.2-3B,mathfull,1,1.0,270
Llama-3.2-3B,mathfull,1,1.1,85
Llama-3.2-3B,mathfull,1,1.2,33
Llama-3.2-3B,mathfull,2,0.1,2148
Llama-3.2-3B,mathfull,2,0.2,364
Llama-3.2-3B,mathfull,2,0.3,277
Llama-3.2-3B,mathfull,2,0.4,258
Llama-3.2-3B,mathfull,2,0.5,279
Llama-3.2-3B,mathfull,2,0.6,236
Llama-3.2-3B,mathfull,2,0.7,292
Llama-3.2-3B,mathfull,2,0.8,319
Llama-3.2-3B,mathfull,2,0.9,330
Llama-3.2-3B,mathfull,2,1.0,279
Llama-3.2-3B,mathfull,2,1.1,107
Llama-3.2-3B,mathfull,2,1.2,26
Llama-3.2-3B,mathfull,4,0.1,2057
Llama-3.2-3B,mathfull,4,0.2,327
Llama-3.2-3B,mathfull,4,0.3,265
Llama-3.2-3B,mathfull,4,0.4,264
Llama-3.2-3B,mathfull,4,0.5,275
Llama-3.2-3B,mathfull,4,0.6,251
Llama-3.2-3B,mathfull,4,0.7,275
Llama-3.2-3B,mathfull,4,0.8,296
Llama-3.2-3B,mathfull,4,0.9,338
Llama-3.2-3B,mathfull,4,1.0,376
Llama-3.2-3B,mathfull,4,1.1,145
Llama-3.2-3B,mathfull,4,1.2,46
Llama-3.2-3B,mathfull,8,0.1,2079
Llama-3.2-3B,mathfull,8,0.2,310
Llama-3.2-3B,mathfull,8,0.3,258
Llama-3.2-3B,mathfull,8,0.4,221
Llama-3.2-3B,mathfull,8,0.5,256
Llama-3.2-3B,mathfull,8,0.6,232
Llama-3.2-3B,mathfull,8,0.7,262
Llama-3.2-3B,mathfull,8,0.8,304
Llama-3.2-3B,mathfull,8,0.9,335
Llama-3.2-3B,mathfull,8,1.0,437
Llama-3.2-3B,mathfull,8,1.1,176
Llama-3.2-3B,mathfull,8,1.2,45
Llama-3.2-3B,mathfull,16,0.1,2208
Llama-3.2-3B,mathfull,16,0.2,290
Llama-3.2-3B,mathfull,16,0.3,244
Llama-3.2-3B,mathfull,16,0.4,187
Llama-3.2-3B,mathfull,16,0.5,227
Llama-3.2-3B,mathfull,16,0.6,214
Llama-3.2-3B,mathfull,16,0.7,246
Llama-3.2-3B,mathfull,16,0.8,294
Llama-3.2-3B,mathfull,16,0.9,339
Llama-3.2-3B,mathfull,16,1.0,440
Llama-3.2-3B,mathfull,16,1.1,175
Llama-3.2-3B,mathfull,16,1.2,51
Llama-3.2-3B,mathfull,32,0.1,2495
Llama-3.2-3B,mathfull,32,0.2,262
Llama-3.2-3B,mathfull,32,0.3,229
Llama-3.2-3B,mathfull,32,0.4,159
Llama-3.2-3B,mathfull,32,0.5,197
Llama-3.2-3B,mathfull,32,0.6,160
Llama-3.2-3B,mathfull,32,0.7,213
Llama-3.2-3B,mathfull,32,0.8,278
Llama-3.2-3B,mathfull,32,0.9,326
Llama-3.2-3B,mathfull,32,1.0,393
Llama-3.2-3B,mathfull,32,1.1,159
Llama-3.2-3B,mathfull,32,1.2,44
Llama-3.2-3B,mathfull,64,0.1,2877
Llama-3.2-3B,mathfull,64,0.2,236
Llama-3.2-3B,mathfull,64,0.3,212
Llama-3.2-3B,mathfull,64,0.4,129
Llama-3.2-3B,mathfull,64,0.5,184
Llama-3.2-3B,mathfull,64,0.6,141
Llama-3.2-3B,mathfull,64,0.7,159
Llama-3.2-3B,mathfull,64,0.8,219
Llama-3.2-3B,mathfull,64,0.9,255
Llama-3.2-3B,mathfull,64,1.0,338
Llama-3.2-3B,mathfull,64,1.1,132
Llama-3.2-3B,mathfull,64,1.2,33
Llama-3.2-3B,mathfull,128,0.1,3251
Llama-3.2-3B,mathfull,128,0.2,233
Llama-3.2-3B,mathfull,128,0.3,189
Llama-3.2-3B,mathfull,128,0.4,115
Llama-3.2-3B,mathfull,128,0.5,133
Llama-3.2-3B,mathfull,128,0.6,107
Llama-3.2-3B,mathfull,128,0.7,126
Llama-3.2-3B,mathfull,128,0.8,166
Llama-3.2-3B,mathfull,128,0.9,219
Llama-3.2-3B,mathfull,128,1.0,242
Llama-3.2-3B,mathfull,128,1.1,111
Llama-3.2-3B,mathfull,128,1.2,23
Llama-3.2-3B,mathfull,256,0.1,3528
Llama-3.2-3B,mathfull,256,0.2,241
Llama-3.2-3B,mathfull,256,0.3,154
Llama-3.2-3B,mathfull,256,0.4,101
Llama-3.2-3B,mathfull,256,0.5,104
Llama-3.2-3B,mathfull,256,0.6,98
Llama-3.2-3B,mathfull,256,0.7,99
Llama-3.2-3B,mathfull,256,0.8,140
Llama-3.2-3B,mathfull,256,0.9,158
Llama-3.2-3B,mathfull,256,1.0,183
Llama-3.2-3B,mathfull,256,1.1,86
Llama-3.2-3B,mathfull,256,1.2,23
Llama-3.2-3B,mathfull,512,0.1,3733
Llama-3.2-3B,mathfull,512,0.2,234
Llama-3.2-3B,mathfull,512,0.3,151
Llama-3.2-3B,mathfull,512,0.4,93
Llama-3.2-3B,mathfull,512,0.5,92
Llama-3.2-3B,mathfull,512,0.6,82
Llama-3.2-3B,mathfull,512,0.7,79
Llama-3.2-3B,mathfull,512,0.8,114
Llama-3.2-3B,mathfull,512,0.9,114
Llama-3.2-3B,mathfull,512,1.0,129
Llama-3.2-3B,mathfull,512,1.1,72
Llama-3.2-3B,mathfull,512,1.2,22
Llama-3.2-3B,mathfull,1024,0.1,3904
Llama-3.2-3B,mathfull,1024,0.2,223
Llama-3.2-3B,mathfull,1024,0.3,132
Llama-3.2-3B,mathfull,1024,0.4,95
Llama-3.2-3B,mathfull,1024,0.5,74
Llama-3.2-3B,mathfull,1024,0.6,67
Llama-3.2-3B,mathfull,1024,0.7,73
Llama-3.2-3B,mathfull,1024,0.8,86
Llama-3.2-3B,mathfull,1024,0.9,87
Llama-3.2-3B,mathfull,1024,1.0,100
Llama-3.2-3B,mathfull,1024,1.1,59
Llama-3.2-3B,mathfull,1024,1.2,15
Llama-3.2-3B,mathfull,1536,0.1,3994
Llama-3.2-3B,mathfull,1536,0.2,220
Llama-3.2-3B,mathfull,1536,0.3,124
Llama-3.2-3B,mathfull,1536,0.4,86
Llama-3.2-3B,mathfull,1536,0.5,69
Llama-3.2-3B,mathfull,1536,0.6,60
Llama-3.2-3B,mathfull,1536,0.7,73
Llama-3.2-3B,mathfull,1536,0.8,71
Llama-3.2-3B,mathfull,1536,0.9,75
Llama-3.2-3B,mathfull,1536,1.0,80
Llama-3.2-3B,mathfull,1536,1.1,49
Llama-3.2-3B,mathfull,1536,1.2,14
Llama-3.2-3B,mathfull,2048,0.1,4038
Llama-3.2-3B,mathfull,2048,0.2,214
Llama-3.2-3B,mathfull,2048,0.3,120
Llama-3.2-3B,mathfull,2048,0.4,79
Llama-3.2-3B,mathfull,2048,0.5,76
Llama-3.2-3B,mathfull,2048,0.6,57
Llama-3.2-3B,mathfull,2048,0.7,65
Llama-3.2-3B,mathfull,2048,0.8,70
Llama-3.2-3B,mathfull,2048,0.9,69
Llama-3.2-3B,mathfull,2048,1.0,70
Llama-3.2-3B,mathfull,2048,1.1,45
Llama-3.2-3B,mathfull,2048,1.2,12
Phi-4-mini-instruct,aime2023,1,0.1,3
Phi-4-mini-instruct,aime2023,1,0.2,3
Phi-4-mini-instruct,aime2023,1,0.3,5
Phi-4-mini-instruct,aime2023,1,0.5,2
Phi-4-mini-instruct,aime2023,1,0.6,2
Phi-4-mini-instruct,aime2023,1,0.7,3
Phi-4-mini-instruct,aime2023,1,0.8,2
Phi-4-mini-instruct,aime2023,1,0.9,1
Phi-4-mini-instruct,aime2023,1,1.0,2
Phi-4-mini-instruct,aime2023,1,1.1,2
Phi-4-mini-instruct,aime2023,1,1.2,1
Phi-4-mini-instruct,aime2023,2,0.1,3
Phi-4-mini-instruct,aime2023,2,0.2,3
Phi-4-mini-instruct,aime2023,2,0.3,5
Phi-4-mini-instruct,aime2023,2,0.5,1
Phi-4-mini-instruct,aime2023,2,0.6,2
Phi-4-mini-instruct,aime2023,2,0.7,4
Phi-4-mini-instruct,aime2023,2,0.8,2
Phi-4-mini-instruct,aime2023,2,0.9,1
Phi-4-mini-instruct,aime2023,2,1.0,3
Phi-4-mini-instruct,aime2023,2,1.1,1
Phi-4-mini-instruct,aime2023,2,1.2,1
Phi-4-mini-instruct,aime2023,4,0.1,3
Phi-4-mini-instruct,aime2023,4,0.2,3
Phi-4-mini-instruct,aime2023,4,0.3,5
Phi-4-mini-instruct,aime2023,4,0.5,1
Phi-4-mini-instruct,aime2023,4,0.6,2
Phi-4-mini-instruct,aime2023,4,0.7,3
Phi-4-mini-instruct,aime2023,4,0.8,3
Phi-4-mini-instruct,aime2023,4,0.9,2
Phi-4-mini-instruct,aime2023,4,1.0,2
Phi-4-mini-instruct,aime2023,4,1.1,1
Phi-4-mini-instruct,aime2023,4,1.2,1
Phi-4-mini-instruct,aime2023,8,0.1,4
Phi-4-mini-instruct,aime2023,8,0.2,3
Phi-4-mini-instruct,aime2023,8,0.3,4
Phi-4-mini-instruct,aime2023,8,0.4,1
Phi-4-mini-instruct,aime2023,8,0.5,2
Phi-4-mini-instruct,aime2023,8,0.6,3
Phi-4-mini-instruct,aime2023,8,0.7,2
Phi-4-mini-instruct,aime2023,8,0.8,2
Phi-4-mini-instruct,aime2023,8,0.9,1
Phi-4-mini-instruct,aime2023,8,1.0,2
Phi-4-mini-instruct,aime2023,8,1.1,1
Phi-4-mini-instruct,aime2023,8,1.2,1
Phi-4-mini-instruct,aime2023,16,0.1,15
Phi-4-mini-instruct,aime2023,16,0.2,1
Phi-4-mini-instruct,aime2023,16,0.3,2
Phi-4-mini-instruct,aime2023,16,0.6,2
Phi-4-mini-instruct,aime2023,16,0.7,2
Phi-4-mini-instruct,aime2023,16,0.8,1
Phi-4-mini-instruct,aime2023,16,0.9,1
Phi-4-mini-instruct,aime2023,16,1.0,2
Phi-4-mini-instruct,aime2023,32,0.1,19
Phi-4-mini-instruct,aime2023,32,0.2,3
Phi-4-mini-instruct,aime2023,32,0.4,1
Phi-4-mini-instruct,aime2023,32,0.5,1
Phi-4-mini-instruct,aime2023,32,0.7,1
Phi-4-mini-instruct,aime2023,32,1.0,1
Phi-4-mini-instruct,aime2023,64,0.1,24
Phi-4-mini-instruct,aime2023,64,0.2,1
Phi-4-mini-instruct,aime2023,64,0.7,1
Phi-4-mini-instruct,aime2023,128,0.1,24
Phi-4-mini-instruct,aime2023,128,0.2,1
Phi-4-mini-instruct,aime2023,128,0.7,1
Phi-4-mini-instruct,aime2023,256,0.1,24
Phi-4-mini-instruct,aime2023,256,0.2,1
Phi-4-mini-instruct,aime2023,256,0.7,1
Phi-4-mini-instruct,aime2023,512,0.1,24
Phi-4-mini-instruct,aime2023,512,0.2,1
Phi-4-mini-instruct,aime2023,512,0.7,1
Phi-4-mini-instruct,aime2023,1024,0.1,24
Phi-4-mini-instruct,aime2023,1024,0.2,1
Phi-4-mini-instruct,aime2023,1024,0.7,1
Phi-4-mini-instruct,aime2023,1536,0.1,24
Phi-4-mini-instruct,aime2023,1536,0.2,1
Phi-4-mini-instruct,aime2023,1536,0.7,1
Phi-4-mini-instruct,aime2023,2048,0.1,24
Phi-4-mini-instruct,aime2023,2048,0.2,1
Phi-4-mini-instruct,aime2023,2048,0.7,1
Phi-4-mini-instruct,aime2024,1,0.1,7
Phi-4-mini-instruct,aime2024,1,0.2,3
Phi-4-mini-instruct,aime2024,1,0.3,1
Phi-4-mini-instruct,aime2024,1,0.4,1
Phi-4-mini-instruct,aime2024,1,0.5,2
Phi-4-mini-instruct,aime2024,1,0.6,2
Phi-4-mini-instruct,aime2024,1,0.7,1
Phi-4-mini-instruct,aime2024,1,0.8,1
Phi-4-mini-instruct,aime2024,1,0.9,3
Phi-4-mini-instruct,aime2024,1,1.0,1
Phi-4-mini-instruct,aime2024,1,1.1,3
Phi-4-mini-instruct,aime2024,1,1.2,1
Phi-4-mini-instruct,aime2024,2,0.1,7
Phi-4-mini-instruct,aime2024,2,0.2,1
Phi-4-mini-instruct,aime2024,2,0.3,3
Phi-4-mini-instruct,aime2024,2,0.5,2
Phi-4-mini-instruct,aime2024,2,0.6,2
Phi-4-mini-instruct,aime2024,2,0.7,2
Phi-4-mini-instruct,aime2024,2,0.9,4
Phi-4-mini-instruct,aime2024,2,1.0,2
Phi-4-mini-instruct,aime2024,2,1.1,2
Phi-4-mini-instruct,aime2024,2,1.2,1
Phi-4-mini-instruct,aime2024,4,0.1,8
Phi-4-mini-instruct,aime2024,4,0.2,2
Phi-4-mini-instruct,aime2024,4,0.3,1
Phi-4-mini-instruct,aime2024,4,0.5,1
Phi-4-mini-instruct,aime2024,4,0.6,3
Phi-4-mini-instruct,aime2024,4,0.8,2
Phi-4-mini-instruct,aime2024,4,0.9,3
Phi-4-mini-instruct,aime2024,4,1.0,3
Phi-4-mini-instruct,aime2024,4,1.1,2
Phi-4-mini-instruct,aime2024,4,1.2,1
Phi-4-mini-instruct,aime2024,8,0.1,10
Phi-4-mini-instruct,aime2024,8,0.2,1
Phi-4-mini-instruct,aime2024,8,0.3,3
Phi-4-mini-instruct,aime2024,8,0.5,1
Phi-4-mini-instruct,aime2024,8,0.6,3
Phi-4-mini-instruct,aime2024,8,0.7,2
Phi-4-mini-instruct,aime2024,8,0.8,1
Phi-4-mini-instruct,aime2024,8,0.9,2
Phi-4-mini-instruct,aime2024,8,1.1,3
Phi-4-mini-instruct,aime2024,16,0.1,14
Phi-4-mini-instruct,aime2024,16,0.2,2
Phi-4-mini-instruct,aime2024,16,0.3,5
Phi-4-mini-instruct,aime2024,16,0.5,1
Phi-4-mini-instruct,aime2024,16,0.6,1
Phi-4-mini-instruct,aime2024,16,0.8,1
Phi-4-mini-instruct,aime2024,16,0.9,1
Phi-4-mini-instruct,aime2024,16,1.1,1
Phi-4-mini-instruct,aime2024,32,0.1,20
Phi-4-mini-instruct,aime2024,32,0.2,2
Phi-4-mini-instruct,aime2024,32,0.5,2
Phi-4-mini-instruct,aime2024,32,0.6,1
Phi-4-mini-instruct,aime2024,32,0.9,1
Phi-4-mini-instruct,aime2024,64,0.1,24
Phi-4-mini-instruct,aime2024,64,0.2,1
Phi-4-mini-instruct,aime2024,64,0.8,1
Phi-4-mini-instruct,aime2024,128,0.1,26
Phi-4-mini-instruct,aime2024,256,0.1,26
Phi-4-mini-instruct,aime2024,512,0.1,26
Phi-4-mini-instruct,aime2024,1024,0.1,26
Phi-4-mini-instruct,aime2024,1536,0.1,26
Phi-4-mini-instruct,aime2024,2048,0.1,26
Phi-4-mini-instruct,aime2025,1,0.1,2
Phi-4-mini-instruct,aime2025,1,0.2,4
Phi-4-mini-instruct,aime2025,1,0.3,3
Phi-4-mini-instruct,aime2025,1,0.4,1
Phi-4-mini-instruct,aime2025,1,0.5,3
Phi-4-mini-instruct,aime2025,1,0.6,3
Phi-4-mini-instruct,aime2025,1,0.7,2
Phi-4-mini-instruct,aime2025,1,0.8,1
Phi-4-mini-instruct,aime2025,1,0.9,2
Phi-4-mini-instruct,aime2025,1,1.0,1
Phi-4-mini-instruct,aime2025,1,1.1,3
Phi-4-mini-instruct,aime2025,1,1.2,1
Phi-4-mini-instruct,aime2025,2,0.1,5
Phi-4-mini-instruct,aime2025,2,0.2,4
Phi-4-mini-instruct,aime2025,2,0.3,2
Phi-4-mini-instruct,aime2025,2,0.5,4
Phi-4-mini-instruct,aime2025,2,0.6,2
Phi-4-mini-instruct,aime2025,2,0.7,2
Phi-4-mini-instruct,aime2025,2,0.8,1
Phi-4-mini-instruct,aime2025,2,1.0,3
Phi-4-mini-instruct,aime2025,2,1.1,2
Phi-4-mini-instruct,aime2025,2,1.2,1
Phi-4-mini-instruct,aime2025,4,0.1,4
Phi-4-mini-instruct,aime2025,4,0.2,5
Phi-4-mini-instruct,aime2025,4,0.3,2
Phi-4-mini-instruct,aime2025,4,0.4,2
Phi-4-mini-instruct,aime2025,4,0.5,3
Phi-4-mini-instruct,aime2025,4,0.6,1
Phi-4-mini-instruct,aime2025,4,0.8,2
Phi-4-mini-instruct,aime2025,4,0.9,1
Phi-4-mini-instruct,aime2025,4,1.0,2
Phi-4-mini-instruct,aime2025,4,1.1,3
Phi-4-mini-instruct,aime2025,4,1.2,1
Phi-4-mini-instruct,aime2025,8,0.1,5
Phi-4-mini-instruct,aime2025,8,0.2,4
Phi-4-mini-instruct,aime2025,8,0.3,3
Phi-4-mini-instruct,aime2025,8,0.4,1
Phi-4-mini-instruct,aime2025,8,0.5,1
Phi-4-mini-instruct,aime2025,8,0.6,5
Phi-4-mini-instruct,aime2025,8,0.8,1
Phi-4-mini-instruct,aime2025,8,0.9,2
Phi-4-mini-instruct,aime2025,8,1.0,2
Phi-4-mini-instruct,aime2025,8,1.1,2
Phi-4-mini-instruct,aime2025,16,0.1,13
Phi-4-mini-instruct,aime2025,16,0.2,2
Phi-4-mini-instruct,aime2025,16,0.3,3
Phi-4-mini-instruct,aime2025,16,0.4,2
Phi-4-mini-instruct,aime2025,16,0.6,2
Phi-4-mini-instruct,aime2025,16,0.7,1
Phi-4-mini-instruct,aime2025,16,0.9,2
Phi-4-mini-instruct,aime2025,16,1.0,1
Phi-4-mini-instruct,aime2025,32,0.1,19
Phi-4-mini-instruct,aime2025,32,0.2,2
Phi-4-mini-instruct,aime2025,32,0.3,3
Phi-4-mini-instruct,aime2025,32,0.6,1
Phi-4-mini-instruct,aime2025,32,0.9,1
Phi-4-mini-instruct,aime2025,64,0.1,23
Phi-4-mini-instruct,aime2025,64,0.2,1
Phi-4-mini-instruct,aime2025,64,0.3,1
Phi-4-mini-instruct,aime2025,64,0.4,1
Phi-4-mini-instruct,aime2025,128,0.1,23
Phi-4-mini-instruct,aime2025,128,0.2,1
Phi-4-mini-instruct,aime2025,128,0.3,2
Phi-4-mini-instruct,aime2025,256,0.1,25
Phi-4-mini-instruct,aime2025,256,0.3,1
Phi-4-mini-instruct,aime2025,512,0.1,25
Phi-4-mini-instruct,aime2025,512,0.3,1
Phi-4-mini-instruct,aime2025,1024,0.1,25
Phi-4-mini-instruct,aime2025,1024,0.3,1
Phi-4-mini-instruct,aime2025,1536,0.1,25
Phi-4-mini-instruct,aime2025,1536,0.3,1
Phi-4-mini-instruct,aime2025,2048,0.1,25
Phi-4-mini-instruct,aime2025,2048,0.3,1
Phi-4-mini-instruct,aime2026,1,0.1,2
Phi-4-mini-instruct,aime2026,1,0.2,1
Phi-4-mini-instruct,aime2026,1,0.3,1
Phi-4-mini-instruct,aime2026,1,0.4,3
Phi-4-mini-instruct,aime2026,1,0.5,3
Phi-4-mini-instruct,aime2026,1,0.6,3
Phi-4-mini-instruct,aime2026,1,0.7,3
Phi-4-mini-instruct,aime2026,1,0.8,2
Phi-4-mini-instruct,aime2026,1,0.9,3
Phi-4-mini-instruct,aime2026,1,1.0,1
Phi-4-mini-instruct,aime2026,1,1.1,1
Phi-4-mini-instruct,aime2026,1,1.2,1
Phi-4-mini-instruct,aime2026,2,0.1,3
Phi-4-mini-instruct,aime2026,2,0.2,1
Phi-4-mini-instruct,aime2026,2,0.3,2
Phi-4-mini-instruct,aime2026,2,0.4,2
Phi-4-mini-instruct,aime2026,2,0.5,4
Phi-4-mini-instruct,aime2026,2,0.6,1
Phi-4-mini-instruct,aime2026,2,0.7,3
Phi-4-mini-instruct,aime2026,2,0.8,3
Phi-4-mini-instruct,aime2026,2,0.9,1
Phi-4-mini-instruct,aime2026,2,1.0,2
Phi-4-mini-instruct,aime2026,2,1.1,1
Phi-4-mini-instruct,aime2026,2,1.2,1
Phi-4-mini-instruct,aime2026,4,0.1,3
Phi-4-mini-instruct,aime2026,4,0.2,1
Phi-4-mini-instruct,aime2026,4,0.3,1
Phi-4-mini-instruct,aime2026,4,0.4,3
Phi-4-mini-instruct,aime2026,4,0.5,4
Phi-4-mini-instruct,aime2026,4,0.6,2
Phi-4-mini-instruct,aime2026,4,0.7,2
Phi-4-mini-instruct,aime2026,4,0.8,1
Phi-4-mini-instruct,aime2026,4,0.9,3
Phi-4-mini-instruct,aime2026,4,1.0,2
Phi-4-mini-instruct,aime2026,4,1.1,2
Phi-4-mini-instruct,aime2026,8,0.1,3
Phi-4-mini-instruct,aime2026,8,0.2,1
Phi-4-mini-instruct,aime2026,8,0.3,1
Phi-4-mini-instruct,aime2026,8,0.4,2
Phi-4-mini-instruct,aime2026,8,0.5,4
Phi-4-mini-instruct,aime2026,8,0.6,2
Phi-4-mini-instruct,aime2026,8,0.7,1
Phi-4-mini-instruct,aime2026,8,0.8,5
Phi-4-mini-instruct,aime2026,8,0.9,1
Phi-4-mini-instruct,aime2026,8,1.0,3
Phi-4-mini-instruct,aime2026,8,1.1,1
Phi-4-mini-instruct,aime2026,16,0.1,8
Phi-4-mini-instruct,aime2026,16,0.3,2
Phi-4-mini-instruct,aime2026,16,0.4,3
Phi-4-mini-instruct,aime2026,16,0.5,2
Phi-4-mini-instruct,aime2026,16,0.6,1
Phi-4-mini-instruct,aime2026,16,0.7,1
Phi-4-mini-instruct,aime2026,16,0.8,2
Phi-4-mini-instruct,aime2026,16,0.9,2
Phi-4-mini-instruct,aime2026,16,1.0,1
Phi-4-mini-instruct,aime2026,16,1.1,2
Phi-4-mini-instruct,aime2026,32,0.1,18
Phi-4-mini-instruct,aime2026,32,0.2,1
Phi-4-mini-instruct,aime2026,32,0.4,1
Phi-4-mini-instruct,aime2026,32,0.5,2
Phi-4-mini-instruct,aime2026,32,0.8,2
Phi-4-mini-instruct,aime2026,64,0.1,21
Phi-4-mini-instruct,aime2026,64,0.4,1
Phi-4-mini-instruct,aime2026,64,0.5,2
Phi-4-mini-instruct,aime2026,128,0.1,21
Phi-4-mini-instruct,aime2026,128,0.4,1
Phi-4-mini-instruct,aime2026,128,0.5,2
Phi-4-mini-instruct,aime2026,256,0.1,21
Phi-4-mini-instruct,aime2026,256,0.4,1
Phi-4-mini-instruct,aime2026,256,0.5,2
Phi-4-mini-instruct,aime2026,512,0.1,21
Phi-4-mini-instruct,aime2026,512,0.4,1
Phi-4-mini-instruct,aime2026,512,0.5,1
Phi-4-mini-instruct,aime2026,512,0.7,1
Phi-4-mini-instruct,aime2026,1024,0.1,21
Phi-4-mini-instruct,aime2026,1024,0.4,1
Phi-4-mini-instruct,aime2026,1024,0.5,2
Phi-4-mini-instruct,aime2026,1536,0.1,21
Phi-4-mini-instruct,aime2026,1536,0.4,2
Phi-4-mini-instruct,aime2026,1536,0.5,1
Phi-4-mini-instruct,aime2026,2048,0.1,22
Phi-4-mini-instruct,aime2026,2048,0.4,2
Phi-4-mini-instruct,gsm8kfull,1,0.1,1011
Phi-4-mini-instruct,gsm8kfull,1,0.2,45
Phi-4-mini-instruct,gsm8kfull,1,0.3,21
Phi-4-mini-instruct,gsm8kfull,1,0.4,18
Phi-4-mini-instruct,gsm8kfull,1,0.5,17
Phi-4-mini-instruct,gsm8kfull,1,0.6,24
Phi-4-mini-instruct,gsm8kfull,1,0.7,25
Phi-4-mini-instruct,gsm8kfull,1,0.8,21
Phi-4-mini-instruct,gsm8kfull,1,0.9,40
Phi-4-mini-instruct,gsm8kfull,1,1.0,42
Phi-4-mini-instruct,gsm8kfull,1,1.1,37
Phi-4-mini-instruct,gsm8kfull,1,1.2,18
Phi-4-mini-instruct,gsm8kfull,2,0.1,1008
Phi-4-mini-instruct,gsm8kfull,2,0.2,41
Phi-4-mini-instruct,gsm8kfull,2,0.3,22
Phi-4-mini-instruct,gsm8kfull,2,0.4,19
Phi-4-mini-instruct,gsm8kfull,2,0.5,16
Phi-4-mini-instruct,gsm8kfull,2,0.6,13
Phi-4-mini-instruct,gsm8kfull,2,0.7,27
Phi-4-mini-instruct,gsm8kfull,2,0.8,19
Phi-4-mini-instruct,gsm8kfull,2,0.9,33
Phi-4-mini-instruct,gsm8kfull,2,1.0,42
Phi-4-mini-instruct,gsm8kfull,2,1.1,57
Phi-4-mini-instruct,gsm8kfull,2,1.2,22
Phi-4-mini-instruct,gsm8kfull,4,0.1,974
Phi-4-mini-instruct,gsm8kfull,4,0.2,45
Phi-4-mini-instruct,gsm8kfull,4,0.3,17
Phi-4-mini-instruct,gsm8kfull,4,0.4,24
Phi-4-mini-instruct,gsm8kfull,4,0.5,16
Phi-4-mini-instruct,gsm8kfull,4,0.6,18
Phi-4-mini-instruct,gsm8kfull,4,0.7,30
Phi-4-mini-instruct,gsm8kfull,4,0.8,23
Phi-4-mini-instruct,gsm8kfull,4,0.9,35
Phi-4-mini-instruct,gsm8kfull,4,1.0,47
Phi-4-mini-instruct,gsm8kfull,4,1.1,61
Phi-4-mini-instruct,gsm8kfull,4,1.2,29
Phi-4-mini-instruct,gsm8kfull,8,0.1,993
Phi-4-mini-instruct,gsm8kfull,8,0.2,38
Phi-4-mini-instruct,gsm8kfull,8,0.3,20
Phi-4-mini-instruct,gsm8kfull,8,0.4,25
Phi-4-mini-instruct,gsm8kfull,8,0.5,16
Phi-4-mini-instruct,gsm8kfull,8,0.6,13
Phi-4-mini-instruct,gsm8kfull,8,0.7,24
Phi-4-mini-instruct,gsm8kfull,8,0.8,21
Phi-4-mini-instruct,gsm8kfull,8,0.9,28
Phi-4-mini-instruct,gsm8kfull,8,1.0,41
Phi-4-mini-instruct,gsm8kfull,8,1.1,58
Phi-4-mini-instruct,gsm8kfull,8,1.2,42
Phi-4-mini-instruct,gsm8kfull,16,0.1,1057
Phi-4-mini-instruct,gsm8kfull,16,0.2,27
Phi-4-mini-instruct,gsm8kfull,16,0.3,18
Phi-4-mini-instruct,gsm8kfull,16,0.4,13
Phi-4-mini-instruct,gsm8kfull,16,0.5,16
Phi-4-mini-instruct,gsm8kfull,16,0.6,18
Phi-4-mini-instruct,gsm8kfull,16,0.7,21
Phi-4-mini-instruct,gsm8kfull,16,0.8,13
Phi-4-mini-instruct,gsm8kfull,16,0.9,23
Phi-4-mini-instruct,gsm8kfull,16,1.0,25
Phi-4-mini-instruct,gsm8kfull,16,1.1,49
Phi-4-mini-instruct,gsm8kfull,16,1.2,39
Phi-4-mini-instruct,gsm8kfull,32,0.1,1110
Phi-4-mini-instruct,gsm8kfull,32,0.2,19
Phi-4-mini-instruct,gsm8kfull,32,0.3,17
Phi-4-mini-instruct,gsm8kfull,32,0.4,20
Phi-4-mini-instruct,gsm8kfull,32,0.5,15
Phi-4-mini-instruct,gsm8kfull,32,0.6,7
Phi-4-mini-instruct,gsm8kfull,32,0.7,17
Phi-4-mini-instruct,gsm8kfull,32,0.8,10
Phi-4-mini-instruct,gsm8kfull,32,0.9,20
Phi-4-mini-instruct,gsm8kfull,32,1.0,24
Phi-4-mini-instruct,gsm8kfull,32,1.1,30
Phi-4-mini-instruct,gsm8kfull,32,1.2,30
Phi-4-mini-instruct,gsm8kfull,64,0.1,1146
Phi-4-mini-instruct,gsm8kfull,64,0.2,24
Phi-4-mini-instruct,gsm8kfull,64,0.3,22
Phi-4-mini-instruct,gsm8kfull,64,0.4,16
Phi-4-mini-instruct,gsm8kfull,64,0.5,10
Phi-4-mini-instruct,gsm8kfull,64,0.6,12
Phi-4-mini-instruct,gsm8kfull,64,0.7,10
Phi-4-mini-instruct,gsm8kfull,64,0.8,14
Phi-4-mini-instruct,gsm8kfull,64,0.9,11
Phi-4-mini-instruct,gsm8kfull,64,1.0,5
Phi-4-mini-instruct,gsm8kfull,64,1.1,28
Phi-4-mini-instruct,gsm8kfull,64,1.2,21
Phi-4-mini-instruct,gsm8kfull,128,0.1,1170
Phi-4-mini-instruct,gsm8kfull,128,0.2,24
Phi-4-mini-instruct,gsm8kfull,128,0.3,22
Phi-4-mini-instruct,gsm8kfull,128,0.4,13
Phi-4-mini-instruct,gsm8kfull,128,0.5,13
Phi-4-mini-instruct,gsm8kfull,128,0.6,9
Phi-4-mini-instruct,gsm8kfull,128,0.7,7
Phi-4-mini-instruct,gsm8kfull,128,0.8,6
Phi-4-mini-instruct,gsm8kfull,128,0.9,8
Phi-4-mini-instruct,gsm8kfull,128,1.0,7
Phi-4-mini-instruct,gsm8kfull,128,1.1,21
Phi-4-mini-instruct,gsm8kfull,128,1.2,19
Phi-4-mini-instruct,gsm8kfull,256,0.1,1195
Phi-4-mini-instruct,gsm8kfull,256,0.2,16
Phi-4-mini-instruct,gsm8kfull,256,0.3,26
Phi-4-mini-instruct,gsm8kfull,256,0.4,14
Phi-4-mini-instruct,gsm8kfull,256,0.5,9
Phi-4-mini-instruct,gsm8kfull,256,0.6,5
Phi-4-mini-instruct,gsm8kfull,256,0.7,6
Phi-4-mini-instruct,gsm8kfull,256,0.8,7
Phi-4-mini-instruct,gsm8kfull,256,0.9,6
Phi-4-mini-instruct,gsm8kfull,256,1.0,8
Phi-4-mini-instruct,gsm8kfull,256,1.1,13
Phi-4-mini-instruct,gsm8kfull,256,1.2,14
Phi-4-mini-instruct,gsm8kfull,512,0.1,1204
Phi-4-mini-instruct,gsm8kfull,512,0.2,26
Phi-4-mini-instruct,gsm8kfull,512,0.3,20
Phi-4-mini-instruct,gsm8kfull,512,0.4,15
Phi-4-mini-instruct,gsm8kfull,512,0.5,8
Phi-4-mini-instruct,gsm8kfull,512,0.6,4
Phi-4-mini-instruct,gsm8kfull,512,0.7,4
Phi-4-mini-instruct,gsm8kfull,512,0.8,6
Phi-4-mini-instruct,gsm8kfull,512,0.9,8
Phi-4-mini-instruct,gsm8kfull,512,1.0,6
Phi-4-mini-instruct,gsm8kfull,512,1.1,7
Phi-4-mini-instruct,gsm8kfull,512,1.2,11
Phi-4-mini-instruct,gsm8kfull,1024,0.1,1210
Phi-4-mini-instruct,gsm8kfull,1024,0.2,34
Phi-4-mini-instruct,gsm8kfull,1024,0.3,12
Phi-4-mini-instruct,gsm8kfull,1024,0.4,15
Phi-4-mini-instruct,gsm8kfull,1024,0.5,5
Phi-4-mini-instruct,gsm8kfull,1024,0.6,8
Phi-4-mini-instruct,gsm8kfull,1024,0.7,5
Phi-4-mini-instruct,gsm8kfull,1024,0.8,5
Phi-4-mini-instruct,gsm8kfull,1024,0.9,7
Phi-4-mini-instruct,gsm8kfull,1024,1.0,5
Phi-4-mini-instruct,gsm8kfull,1024,1.1,6
Phi-4-mini-instruct,gsm8kfull,1024,1.2,7
Phi-4-mini-instruct,gsm8kfull,1536,0.1,1216
Phi-4-mini-instruct,gsm8kfull,1536,0.2,32
Phi-4-mini-instruct,gsm8kfull,1536,0.3,14
Phi-4-mini-instruct,gsm8kfull,1536,0.4,13
Phi-4-mini-instruct,gsm8kfull,1536,0.5,6
Phi-4-mini-instruct,gsm8kfull,1536,0.6,6
Phi-4-mini-instruct,gsm8kfull,1536,0.7,8
Phi-4-mini-instruct,gsm8kfull,1536,0.8,6
Phi-4-mini-instruct,gsm8kfull,1536,0.9,7
Phi-4-mini-instruct,gsm8kfull,1536,1.0,1
Phi-4-mini-instruct,gsm8kfull,1536,1.1,6
Phi-4-mini-instruct,gsm8kfull,1536,1.2,4
Phi-4-mini-instruct,gsm8kfull,2048,0.1,1219
Phi-4-mini-instruct,gsm8kfull,2048,0.2,32
Phi-4-mini-instruct,gsm8kfull,2048,0.3,12
Phi-4-mini-instruct,gsm8kfull,2048,0.4,12
Phi-4-mini-instruct,gsm8kfull,2048,0.5,6
Phi-4-mini-instruct,gsm8kfull,2048,0.6,8
Phi-4-mini-instruct,gsm8kfull,2048,0.7,7
Phi-4-mini-instruct,gsm8kfull,2048,0.8,6
Phi-4-mini-instruct,gsm8kfull,2048,0.9,6
Phi-4-mini-instruct,gsm8kfull,2048,1.0,1
Phi-4-mini-instruct,gsm8kfull,2048,1.1,6
Phi-4-mini-instruct,gsm8kfull,2048,1.2,4
Phi-4-mini-instruct,math500,1,0.1,252
Phi-4-mini-instruct,math500,1,0.2,27
Phi-4-mini-instruct,math500,1,0.3,35
Phi-4-mini-instruct,math500,1,0.4,23
Phi-4-mini-instruct,math500,1,0.5,25
Phi-4-mini-instruct,math500,1,0.6,24
Phi-4-mini-instruct,math500,1,0.7,24
Phi-4-mini-instruct,math500,1,0.8,23
Phi-4-mini-instruct,math500,1,0.9,19
Phi-4-mini-instruct,math500,1,1.0,27
Phi-4-mini-instruct,math500,1,1.1,12
Phi-4-mini-instruct,math500,1,1.2,3
Phi-4-mini-instruct,math500,2,0.1,246
Phi-4-mini-instruct,math500,2,0.2,28
Phi-4-mini-instruct,math500,2,0.3,31
Phi-4-mini-instruct,math500,2,0.4,29
Phi-4-mini-instruct,math500,2,0.5,24
Phi-4-mini-instruct,math500,2,0.6,21
Phi-4-mini-instruct,math500,2,0.7,29
Phi-4-mini-instruct,math500,2,0.8,19
Phi-4-mini-instruct,math500,2,0.9,21
Phi-4-mini-instruct,math500,2,1.0,24
Phi-4-mini-instruct,math500,2,1.1,19
Phi-4-mini-instruct,math500,2,1.2,3
Phi-4-mini-instruct,math500,4,0.1,228
Phi-4-mini-instruct,math500,4,0.2,33
Phi-4-mini-instruct,math500,4,0.3,29
Phi-4-mini-instruct,math500,4,0.4,31
Phi-4-mini-instruct,math500,4,0.5,27
Phi-4-mini-instruct,math500,4,0.6,21
Phi-4-mini-instruct,math500,4,0.7,27
Phi-4-mini-instruct,math500,4,0.8,24
Phi-4-mini-instruct,math500,4,0.9,24
Phi-4-mini-instruct,math500,4,1.0,27
Phi-4-mini-instruct,math500,4,1.1,21
Phi-4-mini-instruct,math500,4,1.2,2
Phi-4-mini-instruct,math500,8,0.1,247
Phi-4-mini-instruct,math500,8,0.2,23
Phi-4-mini-instruct,math500,8,0.3,22
Phi-4-mini-instruct,math500,8,0.4,35
Phi-4-mini-instruct,math500,8,0.5,25
Phi-4-mini-instruct,math500,8,0.6,17
Phi-4-mini-instruct,math500,8,0.7,25
Phi-4-mini-instruct,math500,8,0.8,21
Phi-4-mini-instruct,math500,8,0.9,29
Phi-4-mini-instruct,math500,8,1.0,30
Phi-4-mini-instruct,math500,8,1.1,19
Phi-4-mini-instruct,math500,8,1.2,1
Phi-4-mini-instruct,math500,16,0.1,275
Phi-4-mini-instruct,math500,16,0.2,19
Phi-4-mini-instruct,math500,16,0.3,22
Phi-4-mini-instruct,math500,16,0.4,27
Phi-4-mini-instruct,math500,16,0.5,21
Phi-4-mini-instruct,math500,16,0.6,16
Phi-4-mini-instruct,math500,16,0.7,21
Phi-4-mini-instruct,math500,16,0.8,22
Phi-4-mini-instruct,math500,16,0.9,21
Phi-4-mini-instruct,math500,16,1.0,28
Phi-4-mini-instruct,math500,16,1.1,19
Phi-4-mini-instruct,math500,16,1.2,3
Phi-4-mini-instruct,math500,32,0.1,305
Phi-4-mini-instruct,math500,32,0.2,19
Phi-4-mini-instruct,math500,32,0.3,16
Phi-4-mini-instruct,math500,32,0.4,22
Phi-4-mini-instruct,math500,32,0.5,20
Phi-4-mini-instruct,math500,32,0.6,18
Phi-4-mini-instruct,math500,32,0.7,14
Phi-4-mini-instruct,math500,32,0.8,15
Phi-4-mini-instruct,math500,32,0.9,18
Phi-4-mini-instruct,math500,32,1.0,28
Phi-4-mini-instruct,math500,32,1.1,17
Phi-4-mini-instruct,math500,32,1.2,2
Phi-4-mini-instruct,math500,64,0.1,335
Phi-4-mini-instruct,math500,64,0.2,16
Phi-4-mini-instruct,math500,64,0.3,11
Phi-4-mini-instruct,math500,64,0.4,22
Phi-4-mini-instruct,math500,64,0.5,17
Phi-4-mini-instruct,math500,64,0.6,15
Phi-4-mini-instruct,math500,64,0.7,15
Phi-4-mini-instruct,math500,64,0.8,9
Phi-4-mini-instruct,math500,64,0.9,18
Phi-4-mini-instruct,math500,64,1.0,21
Phi-4-mini-instruct,math500,64,1.1,15
Phi-4-mini-instruct,math500,128,0.1,363
Phi-4-mini-instruct,math500,128,0.2,18
Phi-4-mini-instruct,math500,128,0.3,15
Phi-4-mini-instruct,math500,128,0.4,13
Phi-4-mini-instruct,math500,128,0.5,7
Phi-4-mini-instruct,math500,128,0.6,12
Phi-4-mini-instruct,math500,128,0.7,15
Phi-4-mini-instruct,math500,128,0.8,5
Phi-4-mini-instruct,math500,128,0.9,15
Phi-4-mini-instruct,math500,128,1.0,14
Phi-4-mini-instruct,math500,128,1.1,17
Phi-4-mini-instruct,math500,256,0.1,387
Phi-4-mini-instruct,math500,256,0.2,22
Phi-4-mini-instruct,math500,256,0.3,10
Phi-4-mini-instruct,math500,256,0.4,8
Phi-4-mini-instruct,math500,256,0.5,11
Phi-4-mini-instruct,math500,256,0.6,11
Phi-4-mini-instruct,math500,256,0.7,13
Phi-4-mini-instruct,math500,256,0.8,5
Phi-4-mini-instruct,math500,256,0.9,7
Phi-4-mini-instruct,math500,256,1.0,11
Phi-4-mini-instruct,math500,256,1.1,9
Phi-4-mini-instruct,math500,512,0.1,401
Phi-4-mini-instruct,math500,512,0.2,17
Phi-4-mini-instruct,math500,512,0.3,10
Phi-4-mini-instruct,math500,512,0.4,7
Phi-4-mini-instruct,math500,512,0.5,13
Phi-4-mini-instruct,math500,512,0.6,7
Phi-4-mini-instruct,math500,512,0.7,12
Phi-4-mini-instruct,math500,512,0.8,2
Phi-4-mini-instruct,math500,512,0.9,7
Phi-4-mini-instruct,math500,512,1.0,11
Phi-4-mini-instruct,math500,512,1.1,7
Phi-4-mini-instruct,math500,1024,0.1,413
Phi-4-mini-instruct,math500,1024,0.2,17
Phi-4-mini-instruct,math500,1024,0.3,7
Phi-4-mini-instruct,math500,1024,0.4,11
Phi-4-mini-instruct,math500,1024,0.5,9
Phi-4-mini-instruct,math500,1024,0.6,5
Phi-4-mini-instruct,math500,1024,0.7,10
Phi-4-mini-instruct,math500,1024,0.8,3
Phi-4-mini-instruct,math500,1024,0.9,6
Phi-4-mini-instruct,math500,1024,1.0,9
Phi-4-mini-instruct,math500,1024,1.1,4
Phi-4-mini-instruct,math500,1536,0.1,414
Phi-4-mini-instruct,math500,1536,0.2,19
Phi-4-mini-instruct,math500,1536,0.3,5
Phi-4-mini-instruct,math500,1536,0.4,13
Phi-4-mini-instruct,math500,1536,0.5,9
Phi-4-mini-instruct,math500,1536,0.6,7
Phi-4-mini-instruct,math500,1536,0.7,7
Phi-4-mini-instruct,math500,1536,0.8,2
Phi-4-mini-instruct,math500,1536,0.9,6
Phi-4-mini-instruct,math500,1536,1.0,8
Phi-4-mini-instruct,math500,1536,1.1,4
Phi-4-mini-instruct,math500,2048,0.1,420
Phi-4-mini-instruct,math500,2048,0.2,18
Phi-4-mini-instruct,math500,2048,0.3,3
Phi-4-mini-instruct,math500,2048,0.4,13
Phi-4-mini-instruct,math500,2048,0.5,10
Phi-4-mini-instruct,math500,2048,0.6,5
Phi-4-mini-instruct,math500,2048,0.7,7
Phi-4-mini-instruct,math500,2048,0.8,4
Phi-4-mini-instruct,math500,2048,0.9,4
Phi-4-mini-instruct,math500,2048,1.0,7
Phi-4-mini-instruct,math500,2048,1.1,3
Qwen2.5-3B,aime2023,1,0.1,2
Qwen2.5-3B,aime2023,1,0.2,3
Qwen2.5-3B,aime2023,1,0.3,2
Qwen2.5-3B,aime2023,1,0.4,2
Qwen2.5-3B,aime2023,1,0.5,3
Qwen2.5-3B,aime2023,1,0.7,1
Qwen2.5-3B,aime2023,1,0.8,2
Qwen2.5-3B,aime2023,1,1.0,6
Qwen2.5-3B,aime2023,1,1.1,2
Qwen2.5-3B,aime2023,1,1.2,4
Qwen2.5-3B,aime2023,2,0.1,2
Qwen2.5-3B,aime2023,2,0.2,3
Qwen2.5-3B,aime2023,2,0.3,1
Qwen2.5-3B,aime2023,2,0.4,1
Qwen2.5-3B,aime2023,2,0.5,2
Qwen2.5-3B,aime2023,2,0.6,1
Qwen2.5-3B,aime2023,2,0.7,1
Qwen2.5-3B,aime2023,2,0.8,2
Qwen2.5-3B,aime2023,2,0.9,2
Qwen2.5-3B,aime2023,2,1.0,2
Qwen2.5-3B,aime2023,2,1.1,4
Qwen2.5-3B,aime2023,2,1.2,6
Qwen2.5-3B,aime2023,4,0.1,3
Qwen2.5-3B,aime2023,4,0.2,1
Qwen2.5-3B,aime2023,4,0.4,2
Qwen2.5-3B,aime2023,4,0.5,2
Qwen2.5-3B,aime2023,4,0.8,2
Qwen2.5-3B,aime2023,4,0.9,2
Qwen2.5-3B,aime2023,4,1.0,5
Qwen2.5-3B,aime2023,4,1.1,4
Qwen2.5-3B,aime2023,4,1.2,6
Qwen2.5-3B,aime2023,8,0.1,2
Qwen2.5-3B,aime2023,8,0.2,2
Qwen2.5-3B,aime2023,8,0.4,1
Qwen2.5-3B,aime2023,8,0.5,3
Qwen2.5-3B,aime2023,8,0.8,2
Qwen2.5-3B,aime2023,8,0.9,4
Qwen2.5-3B,aime2023,8,1.0,4
Qwen2.5-3B,aime2023,8,1.1,6
Qwen2.5-3B,aime2023,8,1.2,3
Qwen2.5-3B,aime2023,16,0.1,10
Qwen2.5-3B,aime2023,16,0.3,1
Qwen2.5-3B,aime2023,16,0.4,2
Qwen2.5-3B,aime2023,16,0.8,1
Qwen2.5-3B,aime2023,16,0.9,1
Qwen2.5-3B,aime2023,16,1.0,2
Qwen2.5-3B,aime2023,16,1.1,9
Qwen2.5-3B,aime2023,16,1.2,1
Qwen2.5-3B,aime2023,32,0.1,17
Qwen2.5-3B,aime2023,32,0.8,2
Qwen2.5-3B,aime2023,32,0.9,1
Qwen2.5-3B,aime2023,32,1.0,2
Qwen2.5-3B,aime2023,32,1.1,5
Qwen2.5-3B,aime2023,64,0.1,18
Qwen2.5-3B,aime2023,64,0.9,2
Qwen2.5-3B,aime2023,64,1.0,2
Qwen2.5-3B,aime2023,64,1.1,5
Qwen2.5-3B,aime2023,128,0.1,22
Qwen2.5-3B,aime2023,128,0.9,2
Qwen2.5-3B,aime2023,128,1.1,3
Qwen2.5-3B,aime2023,256,0.1,23
Qwen2.5-3B,aime2023,256,0.9,2
Qwen2.5-3B,aime2023,256,1.1,2
Qwen2.5-3B,aime2023,512,0.1,24
Qwen2.5-3B,aime2023,512,0.9,2
Qwen2.5-3B,aime2023,512,1.1,1
Qwen2.5-3B,aime2023,1024,0.1,25
Qwen2.5-3B,aime2023,1024,0.8,1
Qwen2.5-3B,aime2023,1024,0.9,1
Qwen2.5-3B,aime2023,1536,0.1,27
Qwen2.5-3B,aime2023,2048,0.1,27
Qwen2.5-3B,aime2024,1,0.1,2
Qwen2.5-3B,aime2024,1,0.2,5
Qwen2.5-3B,aime2024,1,0.3,3
Qwen2.5-3B,aime2024,1,0.4,3
Qwen2.5-3B,aime2024,1,0.5,4
Qwen2.5-3B,aime2024,1,0.7,2
Qwen2.5-3B,aime2024,1,0.8,2
Qwen2.5-3B,aime2024,1,0.9,2
Qwen2.5-3B,aime2024,1,1.0,2
Qwen2.5-3B,aime2024,1,1.1,2
Qwen2.5-3B,aime2024,2,0.1,2
Qwen2.5-3B,aime2024,2,0.2,5
Qwen2.5-3B,aime2024,2,0.3,2
Qwen2.5-3B,aime2024,2,0.4,3
Qwen2.5-3B,aime2024,2,0.5,2
Qwen2.5-3B,aime2024,2,0.6,2
Qwen2.5-3B,aime2024,2,0.7,2
Qwen2.5-3B,aime2024,2,0.9,2
Qwen2.5-3B,aime2024,2,1.0,3
Qwen2.5-3B,aime2024,2,1.1,2
Qwen2.5-3B,aime2024,2,1.2,2
Qwen2.5-3B,aime2024,4,0.1,3
Qwen2.5-3B,aime2024,4,0.2,3
Qwen2.5-3B,aime2024,4,0.3,2
Qwen2.5-3B,aime2024,4,0.4,3
Qwen2.5-3B,aime2024,4,0.5,2
Qwen2.5-3B,aime2024,4,0.6,1
Qwen2.5-3B,aime2024,4,0.7,2
Qwen2.5-3B,aime2024,4,0.9,1
Qwen2.5-3B,aime2024,4,1.0,5
Qwen2.5-3B,aime2024,4,1.1,4
Qwen2.5-3B,aime2024,4,1.2,1
Qwen2.5-3B,aime2024,8,0.1,2
Qwen2.5-3B,aime2024,8,0.2,4
Qwen2.5-3B,aime2024,8,0.3,1
Qwen2.5-3B,aime2024,8,0.4,2
Qwen2.5-3B,aime2024,8,0.5,1
Qwen2.5-3B,aime2024,8,0.6,3
Qwen2.5-3B,aime2024,8,0.7,1
Qwen2.5-3B,aime2024,8,0.8,1
Qwen2.5-3B,aime2024,8,0.9,2
Qwen2.5-3B,aime2024,8,1.0,6
Qwen2.5-3B,aime2024,8,1.1,4
Qwen2.5-3B,aime2024,16,0.1,2
Qwen2.5-3B,aime2024,16,0.2,5
Qwen2.5-3B,aime2024,16,0.4,2
Qwen2.5-3B,aime2024,16,0.5,1
Qwen2.5-3B,aime2024,16,0.6,2
Qwen2.5-3B,aime2024,16,0.7,1
Qwen2.5-3B,aime2024,16,0.8,3
Qwen2.5-3B,aime2024,16,0.9,3
Qwen2.5-3B,aime2024,16,1.0,5
Qwen2.5-3B,aime2024,16,1.1,3
Qwen2.5-3B,aime2024,32,0.1,8
Qwen2.5-3B,aime2024,32,0.2,5
Qwen2.5-3B,aime2024,32,0.4,2
Qwen2.5-3B,aime2024,32,0.5,1
Qwen2.5-3B,aime2024,32,0.6,1
Qwen2.5-3B,aime2024,32,0.7,2
Qwen2.5-3B,aime2024,32,0.8,3
Qwen2.5-3B,aime2024,32,1.0,3
Qwen2.5-3B,aime2024,32,1.1,1
Qwen2.5-3B,aime2024,32,1.2,1
Qwen2.5-3B,aime2024,64,0.1,13
Qwen2.5-3B,aime2024,64,0.2,4
Qwen2.5-3B,aime2024,64,0.4,1
Qwen2.5-3B,aime2024,64,0.5,2
Qwen2.5-3B,aime2024,64,0.7,2
Qwen2.5-3B,aime2024,64,0.8,1
Qwen2.5-3B,aime2024,64,0.9,1
Qwen2.5-3B,aime2024,64,1.0,3
Qwen2.5-3B,aime2024,128,0.1,19
Qwen2.5-3B,aime2024,128,0.2,3
Qwen2.5-3B,aime2024,128,0.4,1
Qwen2.5-3B,aime2024,128,0.5,1
Qwen2.5-3B,aime2024,128,0.7,1
Qwen2.5-3B,aime2024,128,1.0,2
Qwen2.5-3B,aime2024,256,0.1,22
Qwen2.5-3B,aime2024,256,0.2,3
Qwen2.5-3B,aime2024,256,0.5,1
Qwen2.5-3B,aime2024,256,0.7,1
Qwen2.5-3B,aime2024,512,0.1,22
Qwen2.5-3B,aime2024,512,0.2,3
Qwen2.5-3B,aime2024,512,0.5,1
Qwen2.5-3B,aime2024,512,0.7,1
Qwen2.5-3B,aime2024,1024,0.1,22
Qwen2.5-3B,aime2024,1024,0.2,3
Qwen2.5-3B,aime2024,1024,0.5,1
Qwen2.5-3B,aime2024,1024,0.9,1
Qwen2.5-3B,aime2024,1536,0.1,23
Qwen2.5-3B,aime2024,1536,0.2,2
Qwen2.5-3B,aime2024,1536,0.5,1
Qwen2.5-3B,aime2024,1536,0.9,1
Qwen2.5-3B,aime2024,2048,0.1,23
Qwen2.5-3B,aime2024,2048,0.2,2
Qwen2.5-3B,aime2024,2048,0.5,1
Qwen2.5-3B,aime2024,2048,0.9,1
Qwen2.5-3B,aime2025,1,0.1,4
Qwen2.5-3B,aime2025,1,0.2,1
Qwen2.5-3B,aime2025,1,0.3,2
Qwen2.5-3B,aime2025,1,0.4,3
Qwen2.5-3B,aime2025,1,0.5,1
Qwen2.5-3B,aime2025,1,0.6,1
Qwen2.5-3B,aime2025,1,0.7,5
Qwen2.5-3B,aime2025,1,0.8,3
Qwen2.5-3B,aime2025,1,0.9,2
Qwen2.5-3B,aime2025,1,1.0,1
Qwen2.5-3B,aime2025,1,1.1,2
Qwen2.5-3B,aime2025,1,1.2,1
Qwen2.5-3B,aime2025,2,0.1,4
Qwen2.5-3B,aime2025,2,0.2,2
Qwen2.5-3B,aime2025,2,0.4,3
Qwen2.5-3B,aime2025,2,0.5,2
Qwen2.5-3B,aime2025,2,0.6,1
Qwen2.5-3B,aime2025,2,0.7,4
Qwen2.5-3B,aime2025,2,0.8,3
Qwen2.5-3B,aime2025,2,0.9,2
Qwen2.5-3B,aime2025,2,1.0,2
Qwen2.5-3B,aime2025,2,1.1,2
Qwen2.5-3B,aime2025,2,1.2,1
Qwen2.5-3B,aime2025,4,0.1,4
Qwen2.5-3B,aime2025,4,0.2,2
Qwen2.5-3B,aime2025,4,0.4,4
Qwen2.5-3B,aime2025,4,0.5,2
Qwen2.5-3B,aime2025,4,0.7,4
Qwen2.5-3B,aime2025,4,0.8,1
Qwen2.5-3B,aime2025,4,0.9,3
Qwen2.5-3B,aime2025,4,1.0,2
Qwen2.5-3B,aime2025,4,1.1,2
Qwen2.5-3B,aime2025,4,1.2,2
Qwen2.5-3B,aime2025,8,0.1,3
Qwen2.5-3B,aime2025,8,0.2,1
Qwen2.5-3B,aime2025,8,0.4,4
Qwen2.5-3B,aime2025,8,0.5,2
Qwen2.5-3B,aime2025,8,0.6,1
Qwen2.5-3B,aime2025,8,0.7,2
Qwen2.5-3B,aime2025,8,0.8,2
Qwen2.5-3B,aime2025,8,0.9,1
Qwen2.5-3B,aime2025,8,1.0,2
Qwen2.5-3B,aime2025,8,1.1,6
Qwen2.5-3B,aime2025,8,1.2,2
Qwen2.5-3B,aime2025,16,0.1,3
Qwen2.5-3B,aime2025,16,0.2,1
Qwen2.5-3B,aime2025,16,0.3,1
Qwen2.5-3B,aime2025,16,0.4,3
Qwen2.5-3B,aime2025,16,0.6,2
Qwen2.5-3B,aime2025,16,0.7,3
Qwen2.5-3B,aime2025,16,0.8,1
Qwen2.5-3B,aime2025,16,1.0,4
Qwen2.5-3B,aime2025,16,1.1,5
Qwen2.5-3B,aime2025,16,1.2,3
Qwen2.5-3B,aime2025,32,0.1,7
Qwen2.5-3B,aime2025,32,0.2,1
Qwen2.5-3B,aime2025,32,0.3,1
Qwen2.5-3B,aime2025,32,0.4,1
Qwen2.5-3B,aime2025,32,0.6,2
Qwen2.5-3B,aime2025,32,0.7,1
Qwen2.5-3B,aime2025,32,0.8,2
Qwen2.5-3B,aime2025,32,1.0,3
Qwen2.5-3B,aime2025,32,1.1,6
Qwen2.5-3B,aime2025,32,1.2,2
Qwen2.5-3B,aime2025,64,0.1,12
Qwen2.5-3B,aime2025,64,0.2,1
Qwen2.5-3B,aime2025,64,0.3,1
Qwen2.5-3B,aime2025,64,0.4,1
Qwen2.5-3B,aime2025,64,0.5,1
Qwen2.5-3B,aime2025,64,0.6,1
Qwen2.5-3B,aime2025,64,0.8,1
Qwen2.5-3B,aime2025,64,1.0,2
Qwen2.5-3B,aime2025,64,1.1,4
Qwen2.5-3B,aime2025,64,1.2,2
Qwen2.5-3B,aime2025,128,0.1,16
Qwen2.5-3B,aime2025,128,0.2,1
Qwen2.5-3B,aime2025,128,0.3,1
Qwen2.5-3B,aime2025,128,0.4,1
Qwen2.5-3B,aime2025,128,0.5,1
Qwen2.5-3B,aime2025,128,0.6,1
Qwen2.5-3B,aime2025,128,1.0,2
Qwen2.5-3B,aime2025,128,1.1,3
Qwen2.5-3B,aime2025,256,0.1,20
Qwen2.5-3B,aime2025,256,0.2,2
Qwen2.5-3B,aime2025,256,0.6,1
Qwen2.5-3B,aime2025,256,0.9,1
Qwen2.5-3B,aime2025,256,1.0,1
Qwen2.5-3B,aime2025,256,1.2,1
Qwen2.5-3B,aime2025,512,0.1,21
Qwen2.5-3B,aime2025,512,0.2,1
Qwen2.5-3B,aime2025,512,0.3,1
Qwen2.5-3B,aime2025,512,0.6,1
Qwen2.5-3B,aime2025,512,1.0,1
Qwen2.5-3B,aime2025,512,1.1,1
Qwen2.5-3B,aime2025,1024,0.1,24
Qwen2.5-3B,aime2025,1024,0.6,1
Qwen2.5-3B,aime2025,1024,1.0,1
Qwen2.5-3B,aime2025,1536,0.1,24
Qwen2.5-3B,aime2025,1536,0.6,1
Qwen2.5-3B,aime2025,1536,1.0,1
Qwen2.5-3B,aime2025,2048,0.1,24
Qwen2.5-3B,aime2025,2048,0.6,1
Qwen2.5-3B,aime2025,2048,1.0,1
Qwen2.5-3B,aime2026,1,0.1,2
Qwen2.5-3B,aime2026,1,0.2,2
Qwen2.5-3B,aime2026,1,0.3,4
Qwen2.5-3B,aime2026,1,0.4,1
Qwen2.5-3B,aime2026,1,0.5,2
Qwen2.5-3B,aime2026,1,0.6,2
Qwen2.5-3B,aime2026,1,0.7,4
Qwen2.5-3B,aime2026,1,0.8,2
Qwen2.5-3B,aime2026,1,0.9,2
Qwen2.5-3B,aime2026,1,1.0,2
Qwen2.5-3B,aime2026,1,1.1,2
Qwen2.5-3B,aime2026,2,0.1,2
Qwen2.5-3B,aime2026,2,0.2,4
Qwen2.5-3B,aime2026,2,0.3,5
Qwen2.5-3B,aime2026,2,0.5,1
Qwen2.5-3B,aime2026,2,0.6,1
Qwen2.5-3B,aime2026,2,0.7,2
Qwen2.5-3B,aime2026,2,0.8,2
Qwen2.5-3B,aime2026,2,0.9,2
Qwen2.5-3B,aime2026,2,1.0,3
Qwen2.5-3B,aime2026,2,1.1,2
Qwen2.5-3B,aime2026,2,1.2,1
Qwen2.5-3B,aime2026,4,0.1,3
Qwen2.5-3B,aime2026,4,0.2,2
Qwen2.5-3B,aime2026,4,0.3,5
Qwen2.5-3B,aime2026,4,0.4,2
Qwen2.5-3B,aime2026,4,0.5,1
Qwen2.5-3B,aime2026,4,0.6,1
Qwen2.5-3B,aime2026,4,0.7,1
Qwen2.5-3B,aime2026,4,0.8,1
Qwen2.5-3B,aime2026,4,0.9,1
Qwen2.5-3B,aime2026,4,1.0,4
Qwen2.5-3B,aime2026,4,1.1,3
Qwen2.5-3B,aime2026,4,1.2,1
Qwen2.5-3B,aime2026,8,0.1,2
Qwen2.5-3B,aime2026,8,0.2,1
Qwen2.5-3B,aime2026,8,0.3,3
Qwen2.5-3B,aime2026,8,0.4,1
Qwen2.5-3B,aime2026,8,0.6,1
Qwen2.5-3B,aime2026,8,0.7,3
Qwen2.5-3B,aime2026,8,0.8,2
Qwen2.5-3B,aime2026,8,1.0,7
Qwen2.5-3B,aime2026,8,1.1,4
Qwen2.5-3B,aime2026,8,1.2,1
Qwen2.5-3B,aime2026,16,0.1,2
Qwen2.5-3B,aime2026,16,0.2,1
Qwen2.5-3B,aime2026,16,0.3,4
Qwen2.5-3B,aime2026,16,0.6,2
Qwen2.5-3B,aime2026,16,0.7,2
Qwen2.5-3B,aime2026,16,0.8,1
Qwen2.5-3B,aime2026,16,0.9,1
Qwen2.5-3B,aime2026,16,1.0,6
Qwen2.5-3B,aime2026,16,1.1,5
Qwen2.5-3B,aime2026,16,1.2,1
Qwen2.5-3B,aime2026,32,0.1,12
Qwen2.5-3B,aime2026,32,0.2,1
Qwen2.5-3B,aime2026,32,0.3,3
Qwen2.5-3B,aime2026,32,0.9,1
Qwen2.5-3B,aime2026,32,1.0,3
Qwen2.5-3B,aime2026,32,1.1,5
Qwen2.5-3B,aime2026,64,0.1,15
Qwen2.5-3B,aime2026,64,0.2,1
Qwen2.5-3B,aime2026,64,0.3,2
Qwen2.5-3B,aime2026,64,0.6,1
Qwen2.5-3B,aime2026,64,0.7,1
Qwen2.5-3B,aime2026,64,1.0,2
Qwen2.5-3B,aime2026,64,1.1,3
Qwen2.5-3B,aime2026,128,0.1,18
Qwen2.5-3B,aime2026,128,0.2,1
Qwen2.5-3B,aime2026,128,0.3,2
Qwen2.5-3B,aime2026,128,1.0,3
Qwen2.5-3B,aime2026,128,1.1,1
Qwen2.5-3B,aime2026,256,0.1,21
Qwen2.5-3B,aime2026,256,0.2,1
Qwen2.5-3B,aime2026,256,0.4,1
Qwen2.5-3B,aime2026,256,1.0,2
Qwen2.5-3B,aime2026,512,0.1,22
Qwen2.5-3B,aime2026,512,0.2,1
Qwen2.5-3B,aime2026,512,0.4,1
Qwen2.5-3B,aime2026,512,1.0,1
Qwen2.5-3B,aime2026,1024,0.1,23
Qwen2.5-3B,aime2026,1024,0.2,1
Qwen2.5-3B,aime2026,1024,0.4,1
Qwen2.5-3B,aime2026,1536,0.1,24
Qwen2.5-3B,aime2026,1536,0.2,1
Qwen2.5-3B,aime2026,2048,0.1,24
Qwen2.5-3B,aime2026,2048,0.2,1
Qwen2.5-3B,gsm8kfull,1,0.1,1029
Qwen2.5-3B,gsm8kfull,1,0.2,34
Qwen2.5-3B,gsm8kfull,1,0.3,40
Qwen2.5-3B,gsm8kfull,1,0.4,16
Qwen2.5-3B,gsm8kfull,1,0.5,23
Qwen2.5-3B,gsm8kfull,1,0.6,25
Qwen2.5-3B,gsm8kfull,1,0.7,20
Qwen2.5-3B,gsm8kfull,1,0.8,17
Qwen2.5-3B,gsm8kfull,1,0.9,27
Qwen2.5-3B,gsm8kfull,1,1.0,20
Qwen2.5-3B,gsm8kfull,1,1.1,26
Qwen2.5-3B,gsm8kfull,1,1.2,41
Qwen2.5-3B,gsm8kfull,2,0.1,1029
Qwen2.5-3B,gsm8kfull,2,0.2,28
Qwen2.5-3B,gsm8kfull,2,0.3,32
Qwen2.5-3B,gsm8kfull,2,0.4,20
Qwen2.5-3B,gsm8kfull,2,0.5,28
Qwen2.5-3B,gsm8kfull,2,0.6,22
Qwen2.5-3B,gsm8kfull,2,0.7,20
Qwen2.5-3B,gsm8kfull,2,0.8,20
Qwen2.5-3B,gsm8kfull,2,0.9,29
Qwen2.5-3B,gsm8kfull,2,1.0,22
Qwen2.5-3B,gsm8kfull,2,1.1,26
Qwen2.5-3B,gsm8kfull,2,1.2,42
Qwen2.5-3B,gsm8kfull,4,0.1,1011
Qwen2.5-3B,gsm8kfull,4,0.2,32
Qwen2.5-3B,gsm8kfull,4,0.3,28
Qwen2.5-3B,gsm8kfull,4,0.4,26
Qwen2.5-3B,gsm8kfull,4,0.5,15
Qwen2.5-3B,gsm8kfull,4,0.6,24
Qwen2.5-3B,gsm8kfull,4,0.7,16
Qwen2.5-3B,gsm8kfull,4,0.8,23
Qwen2.5-3B,gsm8kfull,4,0.9,26
Qwen2.5-3B,gsm8kfull,4,1.0,22
Qwen2.5-3B,gsm8kfull,4,1.1,35
Qwen2.5-3B,gsm8kfull,4,1.2,60
Qwen2.5-3B,gsm8kfull,8,0.1,1027
Qwen2.5-3B,gsm8kfull,8,0.2,32
Qwen2.5-3B,gsm8kfull,8,0.3,24
Qwen2.5-3B,gsm8kfull,8,0.4,24
Qwen2.5-3B,gsm8kfull,8,0.5,13
Qwen2.5-3B,gsm8kfull,8,0.6,19
Qwen2.5-3B,gsm8kfull,8,0.7,24
Qwen2.5-3B,gsm8kfull,8,0.8,20
Qwen2.5-3B,gsm8kfull,8,0.9,14
Qwen2.5-3B,gsm8kfull,8,1.0,23
Qwen2.5-3B,gsm8kfull,8,1.1,31
Qwen2.5-3B,gsm8kfull,8,1.2,67
Qwen2.5-3B,gsm8kfull,16,0.1,1068
Qwen2.5-3B,gsm8kfull,16,0.2,25
Qwen2.5-3B,gsm8kfull,16,0.3,21
Qwen2.5-3B,gsm8kfull,16,0.4,20
Qwen2.5-3B,gsm8kfull,16,0.5,12
Qwen2.5-3B,gsm8kfull,16,0.6,14
Qwen2.5-3B,gsm8kfull,16,0.7,17
Qwen2.5-3B,gsm8kfull,16,0.8,12
Qwen2.5-3B,gsm8kfull,16,0.9,13
Qwen2.5-3B,gsm8kfull,16,1.0,24
Qwen2.5-3B,gsm8kfull,16,1.1,24
Qwen2.5-3B,gsm8kfull,16,1.2,68
Qwen2.5-3B,gsm8kfull,32,0.1,1096
Qwen2.5-3B,gsm8kfull,32,0.2,31
Qwen2.5-3B,gsm8kfull,32,0.3,19
Qwen2.5-3B,gsm8kfull,32,0.4,15
Qwen2.5-3B,gsm8kfull,32,0.5,14
Qwen2.5-3B,gsm8kfull,32,0.6,6
Qwen2.5-3B,gsm8kfull,32,0.7,12
Qwen2.5-3B,gsm8kfull,32,0.8,12
Qwen2.5-3B,gsm8kfull,32,0.9,11
Qwen2.5-3B,gsm8kfull,32,1.0,19
Qwen2.5-3B,gsm8kfull,32,1.1,23
Qwen2.5-3B,gsm8kfull,32,1.2,60
Qwen2.5-3B,gsm8kfull,64,0.1,1138
Qwen2.5-3B,gsm8kfull,64,0.2,26
Qwen2.5-3B,gsm8kfull,64,0.3,15
Qwen2.5-3B,gsm8kfull,64,0.4,15
Qwen2.5-3B,gsm8kfull,64,0.5,15
Qwen2.5-3B,gsm8kfull,64,0.6,7
Qwen2.5-3B,gsm8kfull,64,0.7,10
Qwen2.5-3B,gsm8kfull,64,0.8,11
Qwen2.5-3B,gsm8kfull,64,0.9,12
Qwen2.5-3B,gsm8kfull,64,1.0,12
Qwen2.5-3B,gsm8kfull,64,1.1,19
Qwen2.5-3B,gsm8kfull,64,1.2,38
Qwen2.5-3B,gsm8kfull,128,0.1,1162
Qwen2.5-3B,gsm8kfull,128,0.2,28
Qwen2.5-3B,gsm8kfull,128,0.3,9
Qwen2.5-3B,gsm8kfull,128,0.4,17
Qwen2.5-3B,gsm8kfull,128,0.5,14
Qwen2.5-3B,gsm8kfull,128,0.6,8
Qwen2.5-3B,gsm8kfull,128,0.7,10
Qwen2.5-3B,gsm8kfull,128,0.8,10
Qwen2.5-3B,gsm8kfull,128,0.9,9
Qwen2.5-3B,gsm8kfull,128,1.0,9
Qwen2.5-3B,gsm8kfull,128,1.1,11
Qwen2.5-3B,gsm8kfull,128,1.2,31
Qwen2.5-3B,gsm8kfull,256,0.1,1176
Qwen2.5-3B,gsm8kfull,256,0.2,36
Qwen2.5-3B,gsm8kfull,256,0.3,7
Qwen2.5-3B,gsm8kfull,256,0.4,19
Qwen2.5-3B,gsm8kfull,256,0.5,13
Qwen2.5-3B,gsm8kfull,256,0.6,5
Qwen2.5-3B,gsm8kfull,256,0.7,11
Qwen2.5-3B,gsm8kfull,256,0.8,6
Qwen2.5-3B,gsm8kfull,256,0.9,5
Qwen2.5-3B,gsm8kfull,256,1.0,9
Qwen2.5-3B,gsm8kfull,256,1.1,9
Qwen2.5-3B,gsm8kfull,256,1.2,22
Qwen2.5-3B,gsm8kfull,512,0.1,1192
Qwen2.5-3B,gsm8kfull,512,0.2,26
Qwen2.5-3B,gsm8kfull,512,0.3,10
Qwen2.5-3B,gsm8kfull,512,0.4,19
Qwen2.5-3B,gsm8kfull,512,0.5,13
Qwen2.5-3B,gsm8kfull,512,0.6,6
Qwen2.5-3B,gsm8kfull,512,0.7,9
Qwen2.5-3B,gsm8kfull,512,0.8,6
Qwen2.5-3B,gsm8kfull,512,0.9,4
Qwen2.5-3B,gsm8kfull,512,1.0,9
Qwen2.5-3B,gsm8kfull,512,1.1,6
Qwen2.5-3B,gsm8kfull,512,1.2,18
Qwen2.5-3B,gsm8kfull,1024,0.1,1205
Qwen2.5-3B,gsm8kfull,1024,0.2,23
Qwen2.5-3B,gsm8kfull,1024,0.3,13
Qwen2.5-3B,gsm8kfull,1024,0.4,17
Qwen2.5-3B,gsm8kfull,1024,0.5,13
Qwen2.5-3B,gsm8kfull,1024,0.6,4
Qwen2.5-3B,gsm8kfull,1024,0.7,10
Qwen2.5-3B,gsm8kfull,1024,0.8,4
Qwen2.5-3B,gsm8kfull,1024,0.9,3
Qwen2.5-3B,gsm8kfull,1024,1.0,8
Qwen2.5-3B,gsm8kfull,1024,1.1,4
Qwen2.5-3B,gsm8kfull,1024,1.2,14
Qwen2.5-3B,gsm8kfull,1536,0.1,1208
Qwen2.5-3B,gsm8kfull,1536,0.2,22
Qwen2.5-3B,gsm8kfull,1536,0.3,16
Qwen2.5-3B,gsm8kfull,1536,0.4,14
Qwen2.5-3B,gsm8kfull,1536,0.5,11
Qwen2.5-3B,gsm8kfull,1536,0.6,8
Qwen2.5-3B,gsm8kfull,1536,0.7,9
Qwen2.5-3B,gsm8kfull,1536,0.8,5
Qwen2.5-3B,gsm8kfull,1536,0.9,1
Qwen2.5-3B,gsm8kfull,1536,1.0,5
Qwen2.5-3B,gsm8kfull,1536,1.1,7
Qwen2.5-3B,gsm8kfull,1536,1.2,12
Qwen2.5-3B,gsm8kfull,2048,0.1,1211
Qwen2.5-3B,gsm8kfull,2048,0.2,23
Qwen2.5-3B,gsm8kfull,2048,0.3,16
Qwen2.5-3B,gsm8kfull,2048,0.4,14
Qwen2.5-3B,gsm8kfull,2048,0.5,12
Qwen2.5-3B,gsm8kfull,2048,0.6,10
Qwen2.5-3B,gsm8kfull,2048,0.7,4
Qwen2.5-3B,gsm8kfull,2048,0.8,4
Qwen2.5-3B,gsm8kfull,2048,0.9,3
Qwen2.5-3B,gsm8kfull,2048,1.0,5
Qwen2.5-3B,gsm8kfull,2048,1.1,6
Qwen2.5-3B,gsm8kfull,2048,1.2,10
Qwen2.5-3B,math1k,1,0.1,425
Qwen2.5-3B,math1k,1,0.2,96
Qwen2.5-3B,math1k,1,0.3,76
Qwen2.5-3B,math1k,1,0.4,81
Qwen2.5-3B,math1k,1,0.5,71
Qwen2.5-3B,math1k,1,0.6,59
Qwen2.5-3B,math1k,1,0.7,43
Qwen2.5-3B,math1k,1,0.8,39
Qwen2.5-3B,math1k,1,0.9,37
Qwen2.5-3B,math1k,1,1.0,26
Qwen2.5-3B,math1k,1,1.1,26
Qwen2.5-3B,math1k,1,1.2,21
Qwen2.5-3B,math1k,2,0.1,412
Qwen2.5-3B,math1k,2,0.2,97
Qwen2.5-3B,math1k,2,0.3,76
Qwen2.5-3B,math1k,2,0.4,78
Qwen2.5-3B,math1k,2,0.5,69
Qwen2.5-3B,math1k,2,0.6,59
Qwen2.5-3B,math1k,2,0.7,47
Qwen2.5-3B,math1k,2,0.8,44
Qwen2.5-3B,math1k,2,0.9,30
Qwen2.5-3B,math1k,2,1.0,35
Qwen2.5-3B,math1k,2,1.1,31
Qwen2.5-3B,math1k,2,1.2,22
Qwen2.5-3B,math1k,4,0.1,382
Qwen2.5-3B,math1k,4,0.2,91
Qwen2.5-3B,math1k,4,0.3,77
Qwen2.5-3B,math1k,4,0.4,65
Qwen2.5-3B,math1k,4,0.5,71
Qwen2.5-3B,math1k,4,0.6,65
Qwen2.5-3B,math1k,4,0.7,52
Qwen2.5-3B,math1k,4,0.8,50
Qwen2.5-3B,math1k,4,0.9,33
Qwen2.5-3B,math1k,4,1.0,34
Qwen2.5-3B,math1k,4,1.1,43
Qwen2.5-3B,math1k,4,1.2,37
Qwen2.5-3B,math1k,8,0.1,370
Qwen2.5-3B,math1k,8,0.2,92
Qwen2.5-3B,math1k,8,0.3,68
Qwen2.5-3B,math1k,8,0.4,65
Qwen2.5-3B,math1k,8,0.5,74
Qwen2.5-3B,math1k,8,0.6,54
Qwen2.5-3B,math1k,8,0.7,52
Qwen2.5-3B,math1k,8,0.8,55
Qwen2.5-3B,math1k,8,0.9,38
Qwen2.5-3B,math1k,8,1.0,36
Qwen2.5-3B,math1k,8,1.1,51
Qwen2.5-3B,math1k,8,1.2,45
Qwen2.5-3B,math1k,16,0.1,385
Qwen2.5-3B,math1k,16,0.2,99
Qwen2.5-3B,math1k,16,0.3,66
Qwen2.5-3B,math1k,16,0.4,72
Qwen2.5-3B,math1k,16,0.5,59
Qwen2.5-3B,math1k,16,0.6,58
Qwen2.5-3B,math1k,16,0.7,54
Qwen2.5-3B,math1k,16,0.8,34
Qwen2.5-3B,math1k,16,0.9,38
Qwen2.5-3B,math1k,16,1.0,31
Qwen2.5-3B,math1k,16,1.1,56
Qwen2.5-3B,math1k,16,1.2,48
Qwen2.5-3B,math1k,32,0.1,465
Qwen2.5-3B,math1k,32,0.2,101
Qwen2.5-3B,math1k,32,0.3,70
Qwen2.5-3B,math1k,32,0.4,58
Qwen2.5-3B,math1k,32,0.5,37
Qwen2.5-3B,math1k,32,0.6,39
Qwen2.5-3B,math1k,32,0.7,39
Qwen2.5-3B,math1k,32,0.8,35
Qwen2.5-3B,math1k,32,0.9,28
Qwen2.5-3B,math1k,32,1.0,34
Qwen2.5-3B,math1k,32,1.1,44
Qwen2.5-3B,math1k,32,1.2,50
Qwen2.5-3B,math1k,64,0.1,537
Qwen2.5-3B,math1k,64,0.2,108
Qwen2.5-3B,math1k,64,0.3,58
Qwen2.5-3B,math1k,64,0.4,38
Qwen2.5-3B,math1k,64,0.5,37
Qwen2.5-3B,math1k,64,0.6,29
Qwen2.5-3B,math1k,64,0.7,29
Qwen2.5-3B,math1k,64,0.8,34
Qwen2.5-3B,math1k,64,0.9,21
Qwen2.5-3B,math1k,64,1.0,23
Qwen2.5-3B,math1k,64,1.1,40
Qwen2.5-3B,math1k,64,1.2,46
Qwen2.5-3B,math1k,128,0.1,621
Qwen2.5-3B,math1k,128,0.2,88
Qwen2.5-3B,math1k,128,0.3,53
Qwen2.5-3B,math1k,128,0.4,32
Qwen2.5-3B,math1k,128,0.5,29
Qwen2.5-3B,math1k,128,0.6,29
Qwen2.5-3B,math1k,128,0.7,17
Qwen2.5-3B,math1k,128,0.8,16
Qwen2.5-3B,math1k,128,0.9,22
Qwen2.5-3B,math1k,128,1.0,24
Qwen2.5-3B,math1k,128,1.1,31
Qwen2.5-3B,math1k,128,1.2,38
Qwen2.5-3B,math1k,256,0.1,678
Qwen2.5-3B,math1k,256,0.2,81
Qwen2.5-3B,math1k,256,0.3,46
Qwen2.5-3B,math1k,256,0.4,29
Qwen2.5-3B,math1k,256,0.5,16
Qwen2.5-3B,math1k,256,0.6,24
Qwen2.5-3B,math1k,256,0.7,17
Qwen2.5-3B,math1k,256,0.8,23
Qwen2.5-3B,math1k,256,0.9,13
Qwen2.5-3B,math1k,256,1.0,16
Qwen2.5-3B,math1k,256,1.1,25
Qwen2.5-3B,math1k,256,1.2,32
Qwen2.5-3B,math1k,512,0.1,714
Qwen2.5-3B,math1k,512,0.2,84
Qwen2.5-3B,math1k,512,0.3,47
Qwen2.5-3B,math1k,512,0.4,22
Qwen2.5-3B,math1k,512,0.5,20
Qwen2.5-3B,math1k,512,0.6,19
Qwen2.5-3B,math1k,512,0.7,15
Qwen2.5-3B,math1k,512,0.8,11
Qwen2.5-3B,math1k,512,0.9,14
Qwen2.5-3B,math1k,512,1.0,10
Qwen2.5-3B,math1k,512,1.1,19
Qwen2.5-3B,math1k,512,1.2,25
Qwen2.5-3B,math1k,1024,0.1,743
Qwen2.5-3B,math1k,1024,0.2,91
Qwen2.5-3B,math1k,1024,0.3,34
Qwen2.5-3B,math1k,1024,0.4,21
Qwen2.5-3B,math1k,1024,0.5,16
Qwen2.5-3B,math1k,1024,0.6,18
Qwen2.5-3B,math1k,1024,0.7,9
Qwen2.5-3B,math1k,1024,0.8,13
Qwen2.5-3B,math1k,1024,0.9,10
Qwen2.5-3B,math1k,1024,1.0,9
Qwen2.5-3B,math1k,1024,1.1,19
Qwen2.5-3B,math1k,1024,1.2,17
Qwen2.5-3B,math1k,1536,0.1,754
Qwen2.5-3B,math1k,1536,0.2,94
Qwen2.5-3B,math1k,1536,0.3,31
Qwen2.5-3B,math1k,1536,0.4,19
Qwen2.5-3B,math1k,1536,0.5,14
Qwen2.5-3B,math1k,1536,0.6,15
Qwen2.5-3B,math1k,1536,0.7,12
Qwen2.5-3B,math1k,1536,0.8,9
Qwen2.5-3B,math1k,1536,0.9,10
Qwen2.5-3B,math1k,1536,1.0,9
Qwen2.5-3B,math1k,1536,1.1,18
Qwen2.5-3B,math1k,1536,1.2,15
Qwen2.5-3B,math1k,2048,0.1,765
Qwen2.5-3B,math1k,2048,0.2,92
Qwen2.5-3B,math1k,2048,0.3,32
Qwen2.5-3B,math1k,2048,0.4,18
Qwen2.5-3B,math1k,2048,0.5,11
Qwen2.5-3B,math1k,2048,0.6,17
Qwen2.5-3B,math1k,2048,0.7,10
Qwen2.5-3B,math1k,2048,0.8,6
Qwen2.5-3B,math1k,2048,0.9,8
Qwen2.5-3B,math1k,2048,1.0,11
Qwen2.5-3B,math1k,2048,1.1,15
Qwen2.5-3B,math1k,2048,1.2,15
Qwen2.5-3B,mathfull,1,0.1,2977
Qwen2.5-3B,mathfull,1,0.2,287
Qwen2.5-3B,mathfull,1,0.3,251
Qwen2.5-3B,mathfull,1,0.4,221
Qwen2.5-3B,mathfull,1,0.5,210
Qwen2.5-3B,mathfull,1,0.6,191
Qwen2.5-3B,mathfull,1,0.7,157
Qwen2.5-3B,mathfull,1,0.8,145
Qwen2.5-3B,mathfull,1,0.9,136
Qwen2.5-3B,mathfull,1,1.0,109
Qwen2.5-3B,mathfull,1,1.1,145
Qwen2.5-3B,mathfull,1,1.2,136
Qwen2.5-3B,mathfull,2,0.1,2955
Qwen2.5-3B,mathfull,2,0.2,274
Qwen2.5-3B,mathfull,2,0.3,261
Qwen2.5-3B,mathfull,2,0.4,214
Qwen2.5-3B,mathfull,2,0.5,216
Qwen2.5-3B,mathfull,2,0.6,174
Qwen2.5-3B,mathfull,2,0.7,162
Qwen2.5-3B,mathfull,2,0.8,138
Qwen2.5-3B,mathfull,2,0.9,138
Qwen2.5-3B,mathfull,2,1.0,135
Qwen2.5-3B,mathfull,2,1.1,142
Qwen2.5-3B,mathfull,2,1.2,156
Qwen2.5-3B,mathfull,4,0.1,2840
Qwen2.5-3B,mathfull,4,0.2,287
Qwen2.5-3B,mathfull,4,0.3,256
Qwen2.5-3B,mathfull,4,0.4,207
Qwen2.5-3B,mathfull,4,0.5,202
Qwen2.5-3B,mathfull,4,0.6,172
Qwen2.5-3B,mathfull,4,0.7,175
Qwen2.5-3B,mathfull,4,0.8,157
Qwen2.5-3B,mathfull,4,0.9,150
Qwen2.5-3B,mathfull,4,1.0,146
Qwen2.5-3B,mathfull,4,1.1,167
Qwen2.5-3B,mathfull,4,1.2,206
Qwen2.5-3B,mathfull,8,0.1,2946
Qwen2.5-3B,mathfull,8,0.2,244
Qwen2.5-3B,mathfull,8,0.3,222
Qwen2.5-3B,mathfull,8,0.4,165
Qwen2.5-3B,mathfull,8,0.5,194
Qwen2.5-3B,mathfull,8,0.6,169
Qwen2.5-3B,mathfull,8,0.7,156
Qwen2.5-3B,mathfull,8,0.8,160
Qwen2.5-3B,mathfull,8,0.9,151
Qwen2.5-3B,mathfull,8,1.0,135
Qwen2.5-3B,mathfull,8,1.1,168
Qwen2.5-3B,mathfull,8,1.2,255
Qwen2.5-3B,mathfull,16,0.1,3114
Qwen2.5-3B,mathfull,16,0.2,234
Qwen2.5-3B,mathfull,16,0.3,179
Qwen2.5-3B,mathfull,16,0.4,169
Qwen2.5-3B,mathfull,16,0.5,148
Qwen2.5-3B,mathfull,16,0.6,155
Qwen2.5-3B,mathfull,16,0.7,146
Qwen2.5-3B,mathfull,16,0.8,134
Qwen2.5-3B,mathfull,16,0.9,123
Qwen2.5-3B,mathfull,16,1.0,135
Qwen2.5-3B,mathfull,16,1.1,165
Qwen2.5-3B,mathfull,16,1.2,263
Qwen2.5-3B,mathfull,32,0.1,3394
Qwen2.5-3B,mathfull,32,0.2,219
Qwen2.5-3B,mathfull,32,0.3,161
Qwen2.5-3B,mathfull,32,0.4,126
Qwen2.5-3B,mathfull,32,0.5,128
Qwen2.5-3B,mathfull,32,0.6,113
Qwen2.5-3B,mathfull,32,0.7,120
Qwen2.5-3B,mathfull,32,0.8,99
Qwen2.5-3B,mathfull,32,0.9,94
Qwen2.5-3B,mathfull,32,1.0,124
Qwen2.5-3B,mathfull,32,1.1,155
Qwen2.5-3B,mathfull,32,1.2,232
Qwen2.5-3B,mathfull,64,0.1,3630
Qwen2.5-3B,mathfull,64,0.2,198
Qwen2.5-3B,mathfull,64,0.3,142
Qwen2.5-3B,mathfull,64,0.4,95
Qwen2.5-3B,mathfull,64,0.5,103
Qwen2.5-3B,mathfull,64,0.6,89
Qwen2.5-3B,mathfull,64,0.7,102
Qwen2.5-3B,mathfull,64,0.8,86
Qwen2.5-3B,mathfull,64,0.9,80
Qwen2.5-3B,mathfull,64,1.0,113
Qwen2.5-3B,mathfull,64,1.1,137
Qwen2.5-3B,mathfull,64,1.2,190
Qwen2.5-3B,mathfull,128,0.1,3863
Qwen2.5-3B,mathfull,128,0.2,180
Qwen2.5-3B,mathfull,128,0.3,112
Qwen2.5-3B,mathfull,128,0.4,89
Qwen2.5-3B,mathfull,128,0.5,79
Qwen2.5-3B,mathfull,128,0.6,74
Qwen2.5-3B,mathfull,128,0.7,72
Qwen2.5-3B,mathfull,128,0.8,68
Qwen2.5-3B,mathfull,128,0.9,64
Qwen2.5-3B,mathfull,128,1.0,93
Qwen2.5-3B,mathfull,128,1.1,123
Qwen2.5-3B,mathfull,128,1.2,148
Qwen2.5-3B,mathfull,256,0.1,4032
Qwen2.5-3B,mathfull,256,0.2,162
Qwen2.5-3B,mathfull,256,0.3,96
Qwen2.5-3B,mathfull,256,0.4,80
Qwen2.5-3B,mathfull,256,0.5,70
Qwen2.5-3B,mathfull,256,0.6,73
Qwen2.5-3B,mathfull,256,0.7,55
Qwen2.5-3B,mathfull,256,0.8,55
Qwen2.5-3B,mathfull,256,0.9,58
Qwen2.5-3B,mathfull,256,1.0,78
Qwen2.5-3B,mathfull,256,1.1,93
Qwen2.5-3B,mathfull,256,1.2,113
Qwen2.5-3B,mathfull,512,0.1,4155
Qwen2.5-3B,mathfull,512,0.2,166
Qwen2.5-3B,mathfull,512,0.3,102
Qwen2.5-3B,mathfull,512,0.4,66
Qwen2.5-3B,mathfull,512,0.5,62
Qwen2.5-3B,mathfull,512,0.6,57
Qwen2.5-3B,mathfull,512,0.7,51
Qwen2.5-3B,mathfull,512,0.8,45
Qwen2.5-3B,mathfull,512,0.9,45
Qwen2.5-3B,mathfull,512,1.0,53
Qwen2.5-3B,mathfull,512,1.1,76
Qwen2.5-3B,mathfull,512,1.2,87
Qwen2.5-3B,mathfull,1024,0.1,4243
Qwen2.5-3B,mathfull,1024,0.2,168
Qwen2.5-3B,mathfull,1024,0.3,85
Qwen2.5-3B,mathfull,1024,0.4,68
Qwen2.5-3B,mathfull,1024,0.5,64
Qwen2.5-3B,mathfull,1024,0.6,37
Qwen2.5-3B,mathfull,1024,0.7,43
Qwen2.5-3B,mathfull,1024,0.8,41
Qwen2.5-3B,mathfull,1024,0.9,37
Qwen2.5-3B,mathfull,1024,1.0,49
Qwen2.5-3B,mathfull,1024,1.1,66
Qwen2.5-3B,mathfull,1024,1.2,64
Qwen2.5-3B,mathfull,1536,0.1,4299
Qwen2.5-3B,mathfull,1536,0.2,172
Qwen2.5-3B,mathfull,1536,0.3,75
Qwen2.5-3B,mathfull,1536,0.4,63
Qwen2.5-3B,mathfull,1536,0.5,58
Qwen2.5-3B,mathfull,1536,0.6,30
Qwen2.5-3B,mathfull,1536,0.7,47
Qwen2.5-3B,mathfull,1536,0.8,34
Qwen2.5-3B,mathfull,1536,0.9,31
Qwen2.5-3B,mathfull,1536,1.0,41
Qwen2.5-3B,mathfull,1536,1.1,58
Qwen2.5-3B,mathfull,1536,1.2,57
Qwen2.5-3B,mathfull,2048,0.1,4333
Qwen2.5-3B,mathfull,2048,0.2,170
Qwen2.5-3B,mathfull,2048,0.3,75
Qwen2.5-3B,mathfull,2048,0.4,67
Qwen2.5-3B,mathfull,2048,0.5,46
Qwen2.5-3B,mathfull,2048,0.6,36
Qwen2.5-3B,mathfull,2048,0.7,40
Qwen2.5-3B,mathfull,2048,0.8,27
Qwen2.5-3B,mathfull,2048,0.9,29
Qwen2.5-3B,mathfull,2048,1.0,37
Qwen2.5-3B,mathfull,2048,1.1,53
Qwen2.5-3B,mathfull,2048,1.2,52
Qwen3-4B-Instruct-2507,aime2023,1,0.1,5
Qwen3-4B-Instruct-2507,aime2023,1,0.3,1
Qwen3-4B-Instruct-2507,aime2023,1,0.4,1
Qwen3-4B-Instruct-2507,aime2023,1,0.5,2
Qwen3-4B-Instruct-2507,aime2023,1,0.6,2
Qwen3-4B-Instruct-2507,aime2023,1,0.7,3
Qwen3-4B-Instruct-2507,aime2023,1,0.9,2
Qwen3-4B-Instruct-2507,aime2023,1,1.2,5
Qwen3-4B-Instruct-2507,aime2023,2,0.1,5
Qwen3-4B-Instruct-2507,aime2023,2,0.3,1
Qwen3-4B-Instruct-2507,aime2023,2,0.5,3
Qwen3-4B-Instruct-2507,aime2023,2,0.6,2
Qwen3-4B-Instruct-2507,aime2023,2,0.7,2
Qwen3-4B-Instruct-2507,aime2023,2,0.9,1
Qwen3-4B-Instruct-2507,aime2023,2,1.1,1
Qwen3-4B-Instruct-2507,aime2023,2,1.2,6
Qwen3-4B-Instruct-2507,aime2023,4,0.1,5
Qwen3-4B-Instruct-2507,aime2023,4,0.3,1
Qwen3-4B-Instruct-2507,aime2023,4,0.4,1
Qwen3-4B-Instruct-2507,aime2023,4,0.5,2
Qwen3-4B-Instruct-2507,aime2023,4,0.6,1
Qwen3-4B-Instruct-2507,aime2023,4,0.7,3
Qwen3-4B-Instruct-2507,aime2023,4,0.9,1
Qwen3-4B-Instruct-2507,aime2023,4,1.1,1
Qwen3-4B-Instruct-2507,aime2023,4,1.2,6
Qwen3-4B-Instruct-2507,aime2023,8,0.1,4
Qwen3-4B-Instruct-2507,aime2023,8,0.3,1
Qwen3-4B-Instruct-2507,aime2023,8,0.4,1
Qwen3-4B-Instruct-2507,aime2023,8,0.5,3
Qwen3-4B-Instruct-2507,aime2023,8,0.6,1
Qwen3-4B-Instruct-2507,aime2023,8,0.7,2
Qwen3-4B-Instruct-2507,aime2023,8,0.8,1
Qwen3-4B-Instruct-2507,aime2023,8,0.9,3
Qwen3-4B-Instruct-2507,aime2023,8,1.1,1
Qwen3-4B-Instruct-2507,aime2023,8,1.2,4
Qwen3-4B-Instruct-2507,aime2023,16,0.1,7
Qwen3-4B-Instruct-2507,aime2023,16,0.2,1
Qwen3-4B-Instruct-2507,aime2023,16,0.4,2
Qwen3-4B-Instruct-2507,aime2023,16,0.5,3
Qwen3-4B-Instruct-2507,aime2023,16,0.6,1
Qwen3-4B-Instruct-2507,aime2023,16,0.7,2
Qwen3-4B-Instruct-2507,aime2023,16,0.8,1
Qwen3-4B-Instruct-2507,aime2023,16,0.9,1
Qwen3-4B-Instruct-2507,aime2023,16,1.2,3
Qwen3-4B-Instruct-2507,aime2023,32,0.1,11
Qwen3-4B-Instruct-2507,aime2023,32,0.5,3
Qwen3-4B-Instruct-2507,aime2023,32,0.6,1
Qwen3-4B-Instruct-2507,aime2023,32,0.7,2
Qwen3-4B-Instruct-2507,aime2023,32,0.9,1
Qwen3-4B-Instruct-2507,aime2023,32,1.0,1
Qwen3-4B-Instruct-2507,aime2023,32,1.1,1
Qwen3-4B-Instruct-2507,aime2023,32,1.2,1
Qwen3-4B-Instruct-2507,aime2023,64,0.1,13
Qwen3-4B-Instruct-2507,aime2023,64,0.4,1
Qwen3-4B-Instruct-2507,aime2023,64,0.5,2
Qwen3-4B-Instruct-2507,aime2023,64,0.6,1
Qwen3-4B-Instruct-2507,aime2023,64,0.7,2
Qwen3-4B-Instruct-2507,aime2023,64,0.8,1
Qwen3-4B-Instruct-2507,aime2023,64,0.9,1
Qwen3-4B-Instruct-2507,aime2023,128,0.1,17
Qwen3-4B-Instruct-2507,aime2023,128,0.4,1
Qwen3-4B-Instruct-2507,aime2023,128,0.5,2
Qwen3-4B-Instruct-2507,aime2023,128,0.6,1
Qwen3-4B-Instruct-2507,aime2023,256,0.1,19
Qwen3-4B-Instruct-2507,aime2023,256,0.3,1
Qwen3-4B-Instruct-2507,aime2023,256,0.5,1
Qwen3-4B-Instruct-2507,aime2023,512,0.1,19
Qwen3-4B-Instruct-2507,aime2023,512,0.2,1
Qwen3-4B-Instruct-2507,aime2023,512,0.4,1
Qwen3-4B-Instruct-2507,aime2023,1024,0.1,19
Qwen3-4B-Instruct-2507,aime2023,1024,0.2,2
Qwen3-4B-Instruct-2507,aime2023,1536,0.1,20
Qwen3-4B-Instruct-2507,aime2023,1536,0.2,1
Qwen3-4B-Instruct-2507,aime2023,2048,0.1,20
Qwen3-4B-Instruct-2507,aime2023,2048,0.2,1
Qwen3-4B-Instruct-2507,aime2024,1,0.1,5
Qwen3-4B-Instruct-2507,aime2024,1,0.2,1
Qwen3-4B-Instruct-2507,aime2024,1,0.3,2
Qwen3-4B-Instruct-2507,aime2024,1,0.4,4
Qwen3-4B-Instruct-2507,aime2024,1,0.5,2
Qwen3-4B-Instruct-2507,aime2024,1,0.6,1
Qwen3-4B-Instruct-2507,aime2024,1,0.7,3
Qwen3-4B-Instruct-2507,aime2024,1,0.8,1
Qwen3-4B-Instruct-2507,aime2024,1,0.9,2
Qwen3-4B-Instruct-2507,aime2024,1,1.2,5
Qwen3-4B-Instruct-2507,aime2024,2,0.1,7
Qwen3-4B-Instruct-2507,aime2024,2,0.3,3
Qwen3-4B-Instruct-2507,aime2024,2,0.4,5
Qwen3-4B-Instruct-2507,aime2024,2,0.5,1
Qwen3-4B-Instruct-2507,aime2024,2,0.7,3
Qwen3-4B-Instruct-2507,aime2024,2,0.8,1
Qwen3-4B-Instruct-2507,aime2024,2,0.9,1
Qwen3-4B-Instruct-2507,aime2024,2,1.1,2
Qwen3-4B-Instruct-2507,aime2024,2,1.2,3
Qwen3-4B-Instruct-2507,aime2024,4,0.1,6
Qwen3-4B-Instruct-2507,aime2024,4,0.3,1
Qwen3-4B-Instruct-2507,aime2024,4,0.4,4
Qwen3-4B-Instruct-2507,aime2024,4,0.5,2
Qwen3-4B-Instruct-2507,aime2024,4,0.6,1
Qwen3-4B-Instruct-2507,aime2024,4,0.7,3
Qwen3-4B-Instruct-2507,aime2024,4,0.8,3
Qwen3-4B-Instruct-2507,aime2024,4,1.0,1
Qwen3-4B-Instruct-2507,aime2024,4,1.1,1
Qwen3-4B-Instruct-2507,aime2024,4,1.2,4
Qwen3-4B-Instruct-2507,aime2024,8,0.1,8
Qwen3-4B-Instruct-2507,aime2024,8,0.3,1
Qwen3-4B-Instruct-2507,aime2024,8,0.4,2
Qwen3-4B-Instruct-2507,aime2024,8,0.5,2
Qwen3-4B-Instruct-2507,aime2024,8,0.7,3
Qwen3-4B-Instruct-2507,aime2024,8,0.8,3
Qwen3-4B-Instruct-2507,aime2024,8,1.0,2
Qwen3-4B-Instruct-2507,aime2024,8,1.1,1
Qwen3-4B-Instruct-2507,aime2024,8,1.2,4
Qwen3-4B-Instruct-2507,aime2024,16,0.1,8
Qwen3-4B-Instruct-2507,aime2024,16,0.2,2
Qwen3-4B-Instruct-2507,aime2024,16,0.3,2
Qwen3-4B-Instruct-2507,aime2024,16,0.4,2
Qwen3-4B-Instruct-2507,aime2024,16,0.5,1
Qwen3-4B-Instruct-2507,aime2024,16,0.6,2
Qwen3-4B-Instruct-2507,aime2024,16,0.7,3
Qwen3-4B-Instruct-2507,aime2024,16,0.8,2
Qwen3-4B-Instruct-2507,aime2024,16,0.9,1
Qwen3-4B-Instruct-2507,aime2024,16,1.1,2
Qwen3-4B-Instruct-2507,aime2024,16,1.2,1
Qwen3-4B-Instruct-2507,aime2024,32,0.1,15
Qwen3-4B-Instruct-2507,aime2024,32,0.3,1
Qwen3-4B-Instruct-2507,aime2024,32,0.4,2
Qwen3-4B-Instruct-2507,aime2024,32,0.7,3
Qwen3-4B-Instruct-2507,aime2024,32,0.8,1
Qwen3-4B-Instruct-2507,aime2024,32,1.0,1
Qwen3-4B-Instruct-2507,aime2024,32,1.1,2
Qwen3-4B-Instruct-2507,aime2024,32,1.2,1
Qwen3-4B-Instruct-2507,aime2024,64,0.1,19
Qwen3-4B-Instruct-2507,aime2024,64,0.2,1
Qwen3-4B-Instruct-2507,aime2024,64,0.3,1
Qwen3-4B-Instruct-2507,aime2024,64,0.4,1
Qwen3-4B-Instruct-2507,aime2024,64,0.7,2
Qwen3-4B-Instruct-2507,aime2024,64,1.1,2
Qwen3-4B-Instruct-2507,aime2024,128,0.1,21
Qwen3-4B-Instruct-2507,aime2024,128,0.3,1
Qwen3-4B-Instruct-2507,aime2024,128,0.7,2
Qwen3-4B-Instruct-2507,aime2024,128,0.8,1
Qwen3-4B-Instruct-2507,aime2024,128,1.0,1
Qwen3-4B-Instruct-2507,aime2024,256,0.1,23
Qwen3-4B-Instruct-2507,aime2024,256,0.3,1
Qwen3-4B-Instruct-2507,aime2024,256,0.7,1
Qwen3-4B-Instruct-2507,aime2024,256,0.9,1
Qwen3-4B-Instruct-2507,aime2024,512,0.1,23
Qwen3-4B-Instruct-2507,aime2024,512,0.3,1
Qwen3-4B-Instruct-2507,aime2024,512,0.7,2
Qwen3-4B-Instruct-2507,aime2024,1024,0.1,23
Qwen3-4B-Instruct-2507,aime2024,1024,0.3,1
Qwen3-4B-Instruct-2507,aime2024,1024,0.7,2
Qwen3-4B-Instruct-2507,aime2024,1536,0.1,23
Qwen3-4B-Instruct-2507,aime2024,1536,0.3,1
Qwen3-4B-Instruct-2507,aime2024,1536,0.7,2
Qwen3-4B-Instruct-2507,aime2024,2048,0.1,23
Qwen3-4B-Instruct-2507,aime2024,2048,0.3,1
Qwen3-4B-Instruct-2507,aime2024,2048,0.7,2
Qwen3-4B-Instruct-2507,aime2025,1,0.1,7
Qwen3-4B-Instruct-2507,aime2025,1,0.2,3
Qwen3-4B-Instruct-2507,aime2025,1,0.3,2
Qwen3-4B-Instruct-2507,aime2025,1,0.4,2
Qwen3-4B-Instruct-2507,aime2025,1,0.5,1
Qwen3-4B-Instruct-2507,aime2025,1,0.6,3
Qwen3-4B-Instruct-2507,aime2025,1,0.7,1
Qwen3-4B-Instruct-2507,aime2025,1,1.2,3
Qwen3-4B-Instruct-2507,aime2025,2,0.1,6
Qwen3-4B-Instruct-2507,aime2025,2,0.2,2
Qwen3-4B-Instruct-2507,aime2025,2,0.3,2
Qwen3-4B-Instruct-2507,aime2025,2,0.4,1
Qwen3-4B-Instruct-2507,aime2025,2,0.5,3
Qwen3-4B-Instruct-2507,aime2025,2,0.7,2
Qwen3-4B-Instruct-2507,aime2025,2,0.8,1
Qwen3-4B-Instruct-2507,aime2025,2,0.9,2
Qwen3-4B-Instruct-2507,aime2025,2,1.2,3
Qwen3-4B-Instruct-2507,aime2025,4,0.1,7
Qwen3-4B-Instruct-2507,aime2025,4,0.2,3
Qwen3-4B-Instruct-2507,aime2025,4,0.3,1
Qwen3-4B-Instruct-2507,aime2025,4,0.4,1
Qwen3-4B-Instruct-2507,aime2025,4,0.5,2
Qwen3-4B-Instruct-2507,aime2025,4,0.6,2
Qwen3-4B-Instruct-2507,aime2025,4,0.7,2
Qwen3-4B-Instruct-2507,aime2025,4,0.8,1
Qwen3-4B-Instruct-2507,aime2025,4,1.0,1
Qwen3-4B-Instruct-2507,aime2025,4,1.2,2
Qwen3-4B-Instruct-2507,aime2025,8,0.1,8
Qwen3-4B-Instruct-2507,aime2025,8,0.2,2
Qwen3-4B-Instruct-2507,aime2025,8,0.3,1
Qwen3-4B-Instruct-2507,aime2025,8,0.4,1
Qwen3-4B-Instruct-2507,aime2025,8,0.5,2
Qwen3-4B-Instruct-2507,aime2025,8,0.6,1
Qwen3-4B-Instruct-2507,aime2025,8,0.7,2
Qwen3-4B-Instruct-2507,aime2025,8,0.9,1
Qwen3-4B-Instruct-2507,aime2025,8,1.0,1
Qwen3-4B-Instruct-2507,aime2025,8,1.2,3
Qwen3-4B-Instruct-2507,aime2025,16,0.1,11
Qwen3-4B-Instruct-2507,aime2025,16,0.2,4
Qwen3-4B-Instruct-2507,aime2025,16,0.3,2
Qwen3-4B-Instruct-2507,aime2025,16,0.5,2
Qwen3-4B-Instruct-2507,aime2025,16,0.7,1
Qwen3-4B-Instruct-2507,aime2025,16,0.8,1
Qwen3-4B-Instruct-2507,aime2025,16,1.0,1
Qwen3-4B-Instruct-2507,aime2025,32,0.1,14
Qwen3-4B-Instruct-2507,aime2025,32,0.2,2
Qwen3-4B-Instruct-2507,aime2025,32,0.3,1
Qwen3-4B-Instruct-2507,aime2025,32,0.4,1
Qwen3-4B-Instruct-2507,aime2025,32,0.5,1
Qwen3-4B-Instruct-2507,aime2025,32,0.7,1
Qwen3-4B-Instruct-2507,aime2025,32,1.0,2
Qwen3-4B-Instruct-2507,aime2025,64,0.1,18
Qwen3-4B-Instruct-2507,aime2025,64,0.2,2
Qwen3-4B-Instruct-2507,aime2025,64,0.3,1
Qwen3-4B-Instruct-2507,aime2025,64,1.0,1
Qwen3-4B-Instruct-2507,aime2025,128,0.1,20
Qwen3-4B-Instruct-2507,aime2025,128,0.2,1
Qwen3-4B-Instruct-2507,aime2025,128,0.3,1
Qwen3-4B-Instruct-2507,aime2025,256,0.1,20
Qwen3-4B-Instruct-2507,aime2025,256,0.2,1
Qwen3-4B-Instruct-2507,aime2025,256,0.3,1
Qwen3-4B-Instruct-2507,aime2025,512,0.1,20
Qwen3-4B-Instruct-2507,aime2025,512,0.2,1
Qwen3-4B-Instruct-2507,aime2025,512,0.3,1
Qwen3-4B-Instruct-2507,aime2025,1024,0.1,20
Qwen3-4B-Instruct-2507,aime2025,1024,0.2,1
Qwen3-4B-Instruct-2507,aime2025,1024,0.3,1
Qwen3-4B-Instruct-2507,aime2025,1536,0.1,20
Qwen3-4B-Instruct-2507,aime2025,1536,0.2,1
Qwen3-4B-Instruct-2507,aime2025,1536,0.3,1
Qwen3-4B-Instruct-2507,aime2025,2048,0.1,20
Qwen3-4B-Instruct-2507,aime2025,2048,0.2,1
Qwen3-4B-Instruct-2507,aime2025,2048,0.3,1
Qwen3-4B-Instruct-2507,aime2026,1,0.1,6
Qwen3-4B-Instruct-2507,aime2026,1,0.2,3
Qwen3-4B-Instruct-2507,aime2026,1,0.3,1
Qwen3-4B-Instruct-2507,aime2026,1,0.5,2
Qwen3-4B-Instruct-2507,aime2026,1,0.6,4
Qwen3-4B-Instruct-2507,aime2026,1,0.8,2
Qwen3-4B-Instruct-2507,aime2026,1,0.9,1
Qwen3-4B-Instruct-2507,aime2026,1,1.0,1
Qwen3-4B-Instruct-2507,aime2026,1,1.1,2
Qwen3-4B-Instruct-2507,aime2026,1,1.2,2
Qwen3-4B-Instruct-2507,aime2026,2,0.1,7
Qwen3-4B-Instruct-2507,aime2026,2,0.2,2
Qwen3-4B-Instruct-2507,aime2026,2,0.3,2
Qwen3-4B-Instruct-2507,aime2026,2,0.4,1
Qwen3-4B-Instruct-2507,aime2026,2,0.5,1
Qwen3-4B-Instruct-2507,aime2026,2,0.6,2
Qwen3-4B-Instruct-2507,aime2026,2,0.8,2
Qwen3-4B-Instruct-2507,aime2026,2,0.9,2
Qwen3-4B-Instruct-2507,aime2026,2,1.1,5
Qwen3-4B-Instruct-2507,aime2026,4,0.1,7
Qwen3-4B-Instruct-2507,aime2026,4,0.2,1
Qwen3-4B-Instruct-2507,aime2026,4,0.3,1
Qwen3-4B-Instruct-2507,aime2026,4,0.4,2
Qwen3-4B-Instruct-2507,aime2026,4,0.5,3
Qwen3-4B-Instruct-2507,aime2026,4,0.6,1
Qwen3-4B-Instruct-2507,aime2026,4,0.7,1
Qwen3-4B-Instruct-2507,aime2026,4,0.8,1
Qwen3-4B-Instruct-2507,aime2026,4,0.9,1
Qwen3-4B-Instruct-2507,aime2026,4,1.0,1
Qwen3-4B-Instruct-2507,aime2026,4,1.1,5
Qwen3-4B-Instruct-2507,aime2026,8,0.1,7
Qwen3-4B-Instruct-2507,aime2026,8,0.2,1
Qwen3-4B-Instruct-2507,aime2026,8,0.3,1
Qwen3-4B-Instruct-2507,aime2026,8,0.4,3
Qwen3-4B-Instruct-2507,aime2026,8,0.5,3
Qwen3-4B-Instruct-2507,aime2026,8,0.6,2
Qwen3-4B-Instruct-2507,aime2026,8,0.9,1
Qwen3-4B-Instruct-2507,aime2026,8,1.0,1
Qwen3-4B-Instruct-2507,aime2026,8,1.1,4
Qwen3-4B-Instruct-2507,aime2026,8,1.2,1
Qwen3-4B-Instruct-2507,aime2026,16,0.1,12
Qwen3-4B-Instruct-2507,aime2026,16,0.3,1
Qwen3-4B-Instruct-2507,aime2026,16,0.4,1
Qwen3-4B-Instruct-2507,aime2026,16,0.5,3
Qwen3-4B-Instruct-2507,aime2026,16,0.6,2
Qwen3-4B-Instruct-2507,aime2026,16,0.8,1
Qwen3-4B-Instruct-2507,aime2026,16,0.9,1
Qwen3-4B-Instruct-2507,aime2026,16,1.1,3
Qwen3-4B-Instruct-2507,aime2026,32,0.1,13
Qwen3-4B-Instruct-2507,aime2026,32,0.4,2
Qwen3-4B-Instruct-2507,aime2026,32,0.5,3
Qwen3-4B-Instruct-2507,aime2026,32,0.6,2
Qwen3-4B-Instruct-2507,aime2026,32,0.9,1
Qwen3-4B-Instruct-2507,aime2026,32,1.1,3
Qwen3-4B-Instruct-2507,aime2026,64,0.1,15
Qwen3-4B-Instruct-2507,aime2026,64,0.2,1
Qwen3-4B-Instruct-2507,aime2026,64,0.4,2
Qwen3-4B-Instruct-2507,aime2026,64,0.5,2
Qwen3-4B-Instruct-2507,aime2026,64,0.6,2
Qwen3-4B-Instruct-2507,aime2026,64,0.9,1
Qwen3-4B-Instruct-2507,aime2026,64,1.1,1
Qwen3-4B-Instruct-2507,aime2026,128,0.1,18
Qwen3-4B-Instruct-2507,aime2026,128,0.2,1
Qwen3-4B-Instruct-2507,aime2026,128,0.3,2
Qwen3-4B-Instruct-2507,aime2026,128,0.4,1
Qwen3-4B-Instruct-2507,aime2026,128,0.6,1
Qwen3-4B-Instruct-2507,aime2026,128,1.1,1
Qwen3-4B-Instruct-2507,aime2026,256,0.1,20
Qwen3-4B-Instruct-2507,aime2026,256,0.2,1
Qwen3-4B-Instruct-2507,aime2026,256,0.4,1
Qwen3-4B-Instruct-2507,aime2026,256,0.6,1
Qwen3-4B-Instruct-2507,aime2026,256,1.1,1
Qwen3-4B-Instruct-2507,aime2026,512,0.1,23
Qwen3-4B-Instruct-2507,aime2026,512,1.1,1
Qwen3-4B-Instruct-2507,aime2026,1024,0.1,23
Qwen3-4B-Instruct-2507,aime2026,1024,1.1,1
Qwen3-4B-Instruct-2507,aime2026,1536,0.1,23
Qwen3-4B-Instruct-2507,aime2026,1536,1.0,1
Qwen3-4B-Instruct-2507,aime2026,2048,0.1,23
Qwen3-4B-Instruct-2507,aime2026,2048,1.0,1
